product_id,product_name,category,segment,size,color,price,cogs
536,SaigonFlex UC-01,Streetwear,Everyday,S,green,11059.65,9704.842875
537,SaigonFlex UC-02,Streetwear,Everyday,M,silver,9523.076013,5393.870254
538,SaigonFlex UC-03,Streetwear,Everyday,L,pink,15951.63316,11371.91928
539,SaigonFlex UC-04,Streetwear,Everyday,XL,yellow,15753.7173,8573.172954
540,SaigonFlex UC-05,Streetwear,Everyday,S,red,15766.33454,14063.57041
541,SaigonFlex UC-06,Streetwear,Everyday,M,black,16095.85385,15291.06115
542,SaigonFlex UC-07,Streetwear,Everyday,L,orange,9213.817742,6152.066106
543,SaigonFlex UC-08,Streetwear,Everyday,XL,blue,40.39417782,22.48774772
544,SaigonFlex UC-09,Streetwear,Everyday,S,white,11334.10645,8528.915105
545,SaigonFlex UC-10,Streetwear,Everyday,M,purple,10045.67841,9091.338962
546,SaigonFlex UC-11,Streetwear,Everyday,L,green,16066.11563,13338.08919
547,SaigonFlex UC-12,Streetwear,Everyday,XL,silver,6544.421471,4298.376022
548,SaigonFlex UC-13,Streetwear,Everyday,S,pink,6163.409553,4883.88573
549,SaigonFlex UC-14,Streetwear,Everyday,M,yellow,6655.753058,5205.464466
550,SaigonFlex UC-15,Streetwear,Everyday,L,red,5184.624222,3404.742726
551,SaigonFlex UC-16,Streetwear,Everyday,XL,black,11245.40662,10683.13629
552,SaigonFlex UC-17,Streetwear,Everyday,S,orange,11588.85,11009.4075
553,SaigonFlex UC-18,Streetwear,Everyday,M,blue,11516.61724,9748.816495
554,SaigonFlex UC-19,Streetwear,Everyday,L,white,10501.44709,6426.88562
555,SaigonFlex UC-20,Streetwear,Everyday,XL,purple,10520.479,9994.455047
556,SaigonFlex UC-21,Streetwear,Everyday,S,green,10268.64391,9686.411803
557,SaigonFlex UC-22,Streetwear,Everyday,M,silver,10090.4426,7554.714378
558,SaigonFlex UC-23,Streetwear,Everyday,L,pink,18269.37,14094.81896
559,SaigonFlex UC-24,Streetwear,Everyday,XL,yellow,7658.988224,6569.114199
560,SaigonFlex UC-25,Streetwear,Everyday,S,red,8428.274494,7354.512324
561,SaigonFlex UC-26,Streetwear,Everyday,M,black,8951.67,7753.936554
562,SaigonFlex UC-27,Streetwear,Everyday,L,orange,11109.75084,10554.2633
563,SaigonFlex UC-28,Streetwear,Everyday,XL,blue,9445.094756,8972.840018
564,SaigonFlex UC-29,Streetwear,Everyday,S,white,11503.8,7876.65186
565,SaigonFlex UC-30,Streetwear,Everyday,M,purple,10752.79143,9051.699823
566,SaigonFlex UC-31,Streetwear,Everyday,L,green,11783.94284,9612.162177
567,SaigonFlex UC-32,Streetwear,Everyday,XL,silver,10134.77689,8711.854213
568,SaigonFlex UC-33,Streetwear,Everyday,S,pink,10532.69828,7628.833366
569,SaigonFlex UC-34,Streetwear,Everyday,M,yellow,12601.62273,11971.54159
570,SaigonFlex UC-35,Streetwear,Everyday,L,red,6934.761628,6364.030746
571,SaigonFlex UC-36,Streetwear,Everyday,XL,black,6325.2,6008.94
572,SaigonFlex UC-37,Streetwear,Everyday,S,orange,5428.175373,5156.766604
573,SaigonFlex UC-38,Streetwear,Everyday,M,blue,3743.690323,2813.757646
574,SaigonFlex UC-39,Streetwear,Everyday,L,white,10912.65938,10134.58676
575,SaigonFlex UC-40,Streetwear,Everyday,XL,purple,11157.95706,10600.0592
576,SaigonFlex UC-41,Streetwear,Everyday,S,green,18775.84059,12572.30286
577,SaigonFlex UC-42,Streetwear,Everyday,M,silver,12288.25835,9234.626148
578,SaigonFlex UC-43,Streetwear,Everyday,L,pink,9414.213956,6648.317896
579,SaigonFlex UC-44,Streetwear,Everyday,XL,yellow,15941.10913,14039.33481
580,SaigonFlex UC-45,Streetwear,Everyday,S,red,9901.548539,9406.471112
581,SaigonFlex UC-46,Streetwear,Everyday,M,black,16696.35,14125.1121
582,SaigonFlex UC-47,Streetwear,Everyday,L,orange,4283.701579,3193.499527
583,SaigonFlex UC-48,Streetwear,Everyday,XL,blue,6610.571739,4418.50615
584,SaigonFlex UC-49,Streetwear,Everyday,S,white,7436.313925,4666.286988
585,SaigonFlex UC-50,Streetwear,Everyday,M,purple,5044.25267,4792.040036
586,SaigonFlex UC-51,Streetwear,Everyday,L,green,4552.686272,4325.051958
587,SaigonFlex UC-52,Streetwear,Everyday,XL,silver,31.33370263,19.58344028
588,SaigonFlex UC-53,Streetwear,Everyday,S,pink,7437.165181,6317.871821
589,SaigonFlex UC-54,Streetwear,Everyday,M,yellow,10207.29366,7250.24069
590,SaigonFlex UC-55,Streetwear,Everyday,L,red,10658.33296,10125.41632
591,SaigonFlex UC-56,Streetwear,Everyday,XL,black,11048.62181,10496.19072
592,SaigonFlex UC-57,Streetwear,Everyday,S,orange,11573.6378,7346.945279
593,SaigonFlex UC-58,Streetwear,Everyday,M,blue,10942.19063,8946.335062
594,SaigonFlex UC-59,Streetwear,Everyday,L,white,42.90873487,24.50048252
595,SaigonFlex UC-60,Streetwear,Everyday,XL,purple,8975.727475,5284.908337
596,SaigonFlex UC-61,Streetwear,Everyday,S,green,9577.14699,5842.059664
597,SaigonFlex UC-62,Streetwear,Everyday,M,silver,60.89870698,38.96332334
598,SaigonFlex UC-63,Streetwear,Everyday,L,pink,11489.45257,7924.275437
599,SaigonFlex UC-64,Streetwear,Everyday,XL,yellow,10648.85629,10116.41347
600,SaigonFlex UC-65,Streetwear,Everyday,S,red,9148.348757,4647.361169
601,SaigonFlex UC-66,Streetwear,Everyday,M,black,15754.49563,14966.77085
602,SaigonFlex UC-67,Streetwear,Everyday,L,orange,15756.27056,11752.60221
603,SaigonFlex UC-68,Streetwear,Everyday,XL,blue,11026.33636,8163.899444
604,SaigonFlex UC-69,Streetwear,Everyday,S,white,6135.298831,4141.940241
605,SaigonFlex UC-70,Streetwear,Everyday,M,purple,4940.962742,3748.214336
606,SaigonFlex UC-71,Streetwear,Everyday,L,green,4042.854982,3552.456673
607,SaigonFlex UC-72,Streetwear,Everyday,XL,silver,11408.04,7676.470116
608,SaigonFlex UC-73,Streetwear,Everyday,S,pink,11699.1,11114.145
609,SaigonFlex UC-74,Streetwear,Everyday,M,yellow,10426.57103,8987.704231
610,SaigonFlex UC-75,Streetwear,Everyday,L,red,11122.506,9587.600172
611,SaigonFlex UC-76,Streetwear,Everyday,XL,black,17959.95662,12395.96206
612,SaigonFlex UC-77,Streetwear,Everyday,S,orange,11727.45,7625.18799
613,SaigonFlex UC-78,Streetwear,Everyday,M,blue,30.15463522,17.20364048
614,SaigonFlex UC-79,Streetwear,Everyday,L,white,8263.487647,6609.13742
615,SaigonFlex UC-80,Streetwear,Everyday,XL,purple,8328.966371,4873.278223
616,SaigonFlex UC-81,Streetwear,Everyday,S,green,8545.562308,7898.663241
617,SaigonFlex UC-82,Streetwear,Everyday,M,silver,10151.26304,6680.546209
618,SaigonFlex UC-83,Streetwear,Everyday,L,pink,14262.4125,13549.29188
619,SaigonFlex UC-84,Streetwear,Everyday,XL,yellow,11336.85,6509.61927
620,SaigonFlex UC-85,Streetwear,Everyday,S,red,30.15483325,17.16017393
621,SaigonFlex UC-86,Streetwear,Everyday,M,black,62.28278891,34.48317543
622,SaigonFlex UC-87,Streetwear,Everyday,L,orange,9946.84289,7374.589319
623,SaigonFlex UC-88,Streetwear,Everyday,XL,blue,17011.95811,9844.820157
624,SaigonFlex UC-89,Streetwear,Everyday,S,white,45.01401527,26.88267126
625,SaigonFlex UC-90,Streetwear,Everyday,M,purple,16075.5,8733.81915
626,SaigonFlex UC-91,Streetwear,Everyday,L,green,17013.89695,16163.2021
627,SaigonFlex UC-92,Streetwear,Everyday,XL,silver,11006.55,7708.98762
628,SaigonFlex UC-93,Streetwear,Everyday,S,pink,11516.4,9278.76348
629,SaigonFlex UC-94,Streetwear,Everyday,M,yellow,9968.7,9470.265
630,SaigonFlex UC-95,Streetwear,Everyday,L,red,6176.85,3866.090415
631,SaigonFlex UC-96,Streetwear,Everyday,XL,black,4677.019784,4443.168795
632,SaigonFlex UC-97,Streetwear,Everyday,S,orange,4844.7,2618.07588
633,SaigonFlex UC-98,Streetwear,Everyday,M,blue,6803.801507,3769.306035
634,SaigonFlex UC-99,Streetwear,Everyday,L,white,10788.27395,6005.832111
635,SaigonFlex UC-00,Streetwear,Everyday,XL,purple,10745.22059,9205.430478
636,SaigonFlex UC-01,Streetwear,Everyday,S,green,10891.99735,9183.042963
637,SaigonFlex UC-02,Streetwear,Everyday,M,silver,10938.3583,8362.374923
638,SaigonFlex UC-03,Streetwear,Everyday,L,pink,12105.45,11500.1775
639,SaigonFlex UC-04,Streetwear,Everyday,XL,yellow,10586.42813,10057.10672
640,SaigonFlex UC-05,Streetwear,Everyday,S,red,9757.343077,9269.475923
641,SaigonFlex UC-06,Streetwear,Everyday,M,black,9957.778919,8252.01139
642,SaigonFlex UC-07,Streetwear,Everyday,L,orange,10862.12095,7602.398453
643,SaigonFlex UC-08,Streetwear,Everyday,XL,blue,13917.75,9639.43365
644,SaigonFlex UC-09,Streetwear,Everyday,S,white,10607.75226,8623.041809
645,SaigonFlex UC-10,Streetwear,Everyday,M,purple,8950.095,8502.59025
646,SaigonFlex UC-11,Streetwear,Everyday,L,green,11258.1,8881.51509
647,SaigonFlex UC-12,Streetwear,Everyday,XL,silver,11033.91293,6038.860545
648,SaigonFlex UC-13,Streetwear,Everyday,S,pink,10560.816,10032.7752
649,SaigonFlex UC-14,Streetwear,Everyday,M,yellow,10084.34368,9580.1265
650,SaigonFlex UC-15,Streetwear,Everyday,L,red,6110.106267,5804.600953
651,SaigonFlex UC-16,Streetwear,Everyday,XL,black,9885.465808,5627.795685
652,SaigonFlex UC-17,Streetwear,Everyday,S,orange,9960.631579,9462.6
653,SaigonFlex UC-18,Streetwear,Everyday,M,blue,10584.53236,10055.30574
654,SaigonFlex UC-19,Streetwear,Everyday,L,white,12297.93923,11683.04227
655,SaigonFlex UC-20,Streetwear,Everyday,XL,purple,11836.93893,7837.237263
656,SaigonFlex UC-21,Streetwear,Everyday,S,green,10963.75201,8877.350001
657,SaigonFlex UC-22,Streetwear,Everyday,M,silver,11020.21447,10469.20375
658,SaigonFlex UC-23,Streetwear,Everyday,L,pink,11169.79043,8112.618793
659,SaigonFlex UC-24,Streetwear,Everyday,XL,yellow,18102.50514,10184.46939
660,SaigonFlex UC-25,Streetwear,Everyday,S,red,8500.351456,5856.742153
661,SaigonFlex UC-26,Streetwear,Everyday,M,black,27.44572027,16.64539332
662,SaigonFlex UC-27,Streetwear,Everyday,L,orange,10139.14478,5848.258707
663,SaigonFlex UC-28,Streetwear,Everyday,XL,blue,8397.9,7978.005
664,SaigonFlex UC-29,Streetwear,Everyday,S,white,41.14177454,22.898313
665,SaigonFlex UC-30,Streetwear,Everyday,M,purple,27.512293,17.26541545
666,SaigonFlex UC-31,Streetwear,Everyday,L,green,9766.924054,7154.27187
667,SaigonFlex UC-32,Streetwear,Everyday,XL,silver,9799.404146,9309.433939
668,SaigonFlex UC-33,Streetwear,Everyday,S,pink,16826.67,12741.15452
669,SaigonFlex UC-34,Streetwear,Everyday,M,yellow,16376.85,13867.91658
670,SaigonFlex UC-35,Streetwear,Everyday,L,red,10899.88915,10354.89469
671,SaigonFlex UC-36,Streetwear,Everyday,XL,black,11194.62632,7866.463912
672,SaigonFlex UC-37,Streetwear,Everyday,S,orange,11024.42727,10473.20591
673,SaigonFlex UC-38,Streetwear,Everyday,M,blue,27.48686072,16.3637221
674,SaigonFlex UC-39,Streetwear,Everyday,L,white,8419.577209,6274.268936
675,SaigonFlex UC-40,Streetwear,Everyday,XL,purple,7873.649578,5241.488524
676,SaigonFlex UC-41,Streetwear,Everyday,S,green,9891.036652,9195.696776
677,SaigonFlex UC-42,Streetwear,Everyday,M,silver,36.48075673,21.97743158
678,SaigonFlex UC-43,Streetwear,Everyday,L,pink,15.40493484,9.151706301
679,SaigonFlex UC-44,Streetwear,Everyday,XL,yellow,16.61046415,9.801441326
680,SaigonFlex UC-45,Streetwear,Everyday,S,red,26.44547294,16.02500544
681,SaigonFlex UC-46,Streetwear,Everyday,M,black,8907.554839,8272.446179
682,SaigonFlex UC-47,Streetwear,Everyday,L,orange,11641.82727,11059.73591
683,SaigonFlex UC-48,Streetwear,Everyday,XL,blue,10477.88496,6262.631838
684,SaigonFlex UC-49,Streetwear,Everyday,S,white,10989.13643,10439.67961
685,SaigonFlex UC-50,Streetwear,Everyday,M,purple,10129.72896,8328.663149
686,SaigonFlex UC-51,Streetwear,Everyday,L,green,9634.396154,5513.764919
687,SaigonFlex UC-52,Streetwear,Everyday,XL,silver,5610.653125,4180.497643
688,SaigonFlex UC-53,Streetwear,Everyday,S,pink,6694.905,5116.246401
689,SaigonFlex UC-54,Streetwear,Everyday,M,yellow,4162.627715,3842.937906
690,SaigonFlex UC-55,Streetwear,Everyday,L,red,4598.817231,3100.062695
691,SaigonFlex UC-56,Streetwear,Everyday,XL,black,4663.545057,4430.367804
692,SaigonFlex UC-57,Streetwear,Everyday,S,orange,3023.37,1991.191482
693,SaigonFlex UC-58,Streetwear,Everyday,M,blue,22.08431332,12.48920975
189,DragonWear UC-01,Streetwear,Everyday,M,yellow,9513.0,6181.5474
190,DragonWear UC-02,Streetwear,Everyday,L,red,9443.7,7547.40504
191,DragonWear UC-03,Streetwear,Everyday,XL,black,9513.0,9029.7396
192,DragonWear UC-04,Streetwear,Everyday,S,orange,37.5509596,21.33618537
193,DragonWear UC-05,Streetwear,Everyday,M,blue,9191.7,7248.57462
194,DragonWear UC-06,Streetwear,Everyday,L,white,23.02983087,14.65108469
195,DragonWear UC-07,Streetwear,Everyday,XL,purple,9191.7,5645.54214
196,DragonWear UC-08,Streetwear,Everyday,S,green,10073.7,7970.31144
387,LotusWear UC-01,Streetwear,Everyday,XL,silver,11966.85,11368.5075
388,LotusWear UC-02,Streetwear,Everyday,S,pink,12720.34432,12084.3271
389,LotusWear UC-03,Streetwear,Everyday,M,yellow,11063.05755,10102.78415
390,LotusWear UC-04,Streetwear,Everyday,L,red,16691.85,12462.13521
391,LotusWear UC-05,Streetwear,Everyday,XL,black,12281.85,7574.216895
938,HanoiStreet UC-01,Streetwear,Everyday,L,pink,18.82298105,12.13351092
939,HanoiStreet UC-02,Streetwear,Everyday,XL,yellow,4494.106487,4269.401163
940,HanoiStreet UC-03,Streetwear,Everyday,S,red,8270.437925,7856.916028
941,HanoiStreet UC-04,Streetwear,Everyday,M,black,11339.37,9661.14324
942,HanoiStreet UC-05,Streetwear,Everyday,L,orange,7413.811749,6891.879402
943,HanoiStreet UC-06,Streetwear,Everyday,XL,blue,8063.37,7660.2015
944,HanoiStreet UC-07,Streetwear,Everyday,S,white,8971.2,4491.87984
945,HanoiStreet UC-08,Streetwear,Everyday,M,purple,8241.386433,7829.317112
946,HanoiStreet UC-09,Streetwear,Everyday,L,green,8360.99069,4980.642154
947,HanoiStreet UC-10,Streetwear,Everyday,XL,silver,8472.12,7214.857392
948,HanoiStreet UC-11,Streetwear,Everyday,S,pink,9063.348261,5344.656469
949,HanoiStreet UC-12,Streetwear,Everyday,M,yellow,15434.37,14662.6515
950,HanoiStreet UC-13,Streetwear,Everyday,L,red,17009.37,10601.94032
951,HanoiStreet UC-14,Streetwear,Everyday,XL,black,59.51685249,34.95608842
952,HanoiStreet UC-15,Streetwear,Everyday,S,orange,3321.446256,3155.373944
953,HanoiStreet UC-16,Streetwear,Everyday,M,blue,30.25584775,17.45987722
954,HanoiStreet UC-17,Streetwear,Everyday,L,white,8325.94129,7430.902601
955,HanoiStreet UC-18,Streetwear,Everyday,XL,purple,9605.663617,6085.187901
956,HanoiStreet UC-19,Streetwear,Everyday,S,green,9913.23,9417.5685
957,HanoiStreet UC-20,Streetwear,Everyday,M,silver,9761.416875,6531.364031
958,HanoiStreet UC-21,Streetwear,Everyday,L,pink,8992.782371,5238.295731
959,HanoiStreet UC-22,Streetwear,Everyday,XL,yellow,10276.1159,6593.155962
960,HanoiStreet UC-23,Streetwear,Everyday,S,red,34.02213295,20.90319693
961,HanoiStreet UC-24,Streetwear,Everyday,M,black,18.72951694,11.06677368
962,HanoiStreet UC-25,Streetwear,Everyday,L,orange,5887.006364,5592.656045
963,HanoiStreet UC-26,Streetwear,Everyday,XL,blue,5122.755359,2717.109442
964,HanoiStreet UC-27,Streetwear,Everyday,S,white,3906.510139,2223.976222
965,HanoiStreet UC-28,Streetwear,Everyday,M,purple,6039.659921,3816.461104
966,HanoiStreet UC-29,Streetwear,Everyday,L,green,5858.236647,3333.336652
967,HanoiStreet UC-30,Streetwear,Everyday,XL,silver,8161.481465,6491.642357
968,HanoiStreet UC-31,Streetwear,Everyday,S,pink,8354.878475,7937.134551
969,HanoiStreet UC-32,Streetwear,Everyday,M,yellow,5039.37,3478.677111
970,HanoiStreet UC-33,Streetwear,Everyday,L,red,26.63555321,14.71717223
971,HanoiStreet UC-34,Streetwear,Everyday,XL,black,15434.37,14662.6515
972,HanoiStreet UC-35,Streetwear,Everyday,S,orange,8000.37,5880.27195
973,HanoiStreet UC-36,Streetwear,Everyday,M,blue,7486.731673,4697.924125
974,HanoiStreet UC-37,Streetwear,Everyday,L,white,8151.26917,6372.662237
975,HanoiStreet UC-38,Streetwear,Everyday,XL,purple,8846.74,8404.403
976,HanoiStreet UC-39,Streetwear,Everyday,S,green,3962.158344,3764.050426
977,HanoiStreet UC-40,Streetwear,Everyday,M,silver,5978.196828,4912.882153
978,HanoiStreet UC-41,Streetwear,Everyday,L,pink,9462.733636,7198.301477
979,HanoiStreet UC-42,Streetwear,Everyday,XL,yellow,4727.334706,4490.967971
980,HanoiStreet UC-43,Streetwear,Everyday,S,red,4989.868579,4740.37515
981,HanoiStreet UC-44,Streetwear,Everyday,M,black,2032.929931,1931.283435
982,HanoiStreet UC-45,Streetwear,Everyday,L,orange,17194.14654,15180.71198
983,HanoiStreet UC-46,Streetwear,Everyday,XL,blue,5354.37,5086.6515
984,HanoiStreet UC-47,Streetwear,Everyday,S,white,34.61783584,19.58037621
985,HanoiStreet UC-48,Streetwear,Everyday,M,purple,9262.498378,5465.800293
986,HanoiStreet UC-49,Streetwear,Everyday,L,green,4409.37,2725.431597
987,HanoiStreet UC-50,Streetwear,Everyday,XL,silver,20.89693649,12.98947769
988,HanoiStreet UC-51,Streetwear,Everyday,S,pink,38.48540996,23.70287128
989,HanoiStreet UC-52,Streetwear,Everyday,M,yellow,5262.471266,2638.603093
990,HanoiStreet UC-53,Streetwear,Everyday,L,red,5403.094003,3895.090467
991,HanoiStreet UC-54,Streetwear,Everyday,XL,black,26.04288296,14.39415141
992,HanoiStreet UC-55,Streetwear,Everyday,S,orange,3453.4561,2504.791709
993,HanoiStreet UC-56,Streetwear,Everyday,M,blue,4262.353834,3732.117017
994,HanoiStreet UC-57,Streetwear,Everyday,L,white,5821.2,3037.50216
995,HanoiStreet UC-58,Streetwear,Everyday,XL,purple,7071.587822,6718.008431
996,HanoiStreet UC-59,Streetwear,Everyday,S,green,8557.105955,6923.554428
997,HanoiStreet UC-60,Streetwear,Everyday,M,silver,9456.745,7530.406044
998,HanoiStreet UC-61,Streetwear,Everyday,L,pink,8613.57,5197.428138
999,HanoiStreet UC-62,Streetwear,Everyday,XL,yellow,9245.03087,5388.928494
1029,MekongStyle UC-01,Streetwear,Everyday,M,yellow,14486.85,13762.5075
1030,MekongStyle UC-02,Streetwear,Everyday,L,red,29.46851779,16.86180385
1031,MekongStyle UC-03,Streetwear,Everyday,XL,black,12596.85,11885.12798
1032,MekongStyle UC-04,Streetwear,Everyday,S,orange,26.03176063,14.91899672
1033,MekongStyle UC-05,Streetwear,Everyday,M,blue,12136.39326,8029.437778
1034,MekongStyle UC-06,Streetwear,Everyday,L,white,10885.35,10341.0825
1035,MekongStyle UC-07,Streetwear,Everyday,XL,purple,14486.85,12723.80036
1036,MekongStyle UC-08,Streetwear,Everyday,S,green,69.47113022,42.87683645
1037,MekongStyle UC-09,Streetwear,Everyday,M,silver,17006.85,13571.4663
1038,MekongStyle UC-10,Streetwear,Everyday,L,pink,32.93714704,18.18035176
1039,MekongStyle UC-11,Streetwear,Everyday,XL,yellow,21.69139479,12.15609317
1040,MekongStyle UC-12,Streetwear,Everyday,S,red,13324.97815,9943.098698
1041,MekongStyle UC-13,Streetwear,Everyday,M,black,11954.96321,6095.83574
1042,MekongStyle UC-14,Streetwear,Everyday,L,orange,14486.85,11301.19169
1199,MekongFit UC-01,Streetwear,Everyday,XL,yellow,1637.37,1262.248533
1200,MekongFit UC-02,Streetwear,Everyday,S,red,1243.935,895.2600195
1201,MekongFit UC-03,Streetwear,Everyday,M,black,6929.37,6443.621163
1202,MekongFit UC-04,Streetwear,Everyday,L,orange,7253.098916,6218.0817
1203,MekongFit UC-05,Streetwear,Everyday,XL,blue,3885.704448,3634.687941
1204,MekongFit UC-06,Streetwear,Everyday,S,white,4808.37,4567.9515
1205,MekongFit UC-07,Streetwear,Everyday,M,purple,4409.37,3289.39002
1206,MekongFit UC-08,Streetwear,Everyday,L,green,6110.37,5286.081087
1207,MekongFit UC-09,Streetwear,Everyday,XL,silver,8323.850769,7907.658231
1208,MekongFit UC-10,Streetwear,Everyday,S,pink,46.01732541,28.99052885
1209,MekongFit UC-11,Streetwear,Everyday,M,yellow,20.32115659,11.53945953
1210,MekongFit UC-12,Streetwear,Everyday,L,red,7044.87,6692.6265
1211,MekongFit UC-13,Streetwear,Everyday,XL,black,8670.87,8237.3265
1212,MekongFit UC-14,Streetwear,Everyday,S,orange,4947.391857,3803.06012
1213,MekongFit UC-15,Streetwear,Everyday,M,blue,6198.434516,4649.445731
1214,MekongFit UC-16,Streetwear,Everyday,L,white,8189.37,4614.709995
1215,MekongFit UC-17,Streetwear,Everyday,XL,purple,4138.552973,2641.638362
1216,MekongFit UC-18,Streetwear,Everyday,S,green,36.000954,22.15047296
1217,MekongFit UC-19,Streetwear,Everyday,M,silver,7001.426663,5863.69483
1218,MekongFit UC-20,Streetwear,Everyday,L,pink,15.12171742,8.677117853
1219,MekongFit UC-21,Streetwear,Everyday,XL,yellow,19.46709453,10.90048549
1220,MekongFit UC-22,Streetwear,Everyday,S,red,7693.690755,5870.286046
1221,MekongFit UC-23,Streetwear,Everyday,M,black,9335.13,8663.00064
1222,MekongFit UC-24,Streetwear,Everyday,L,orange,35.82852968,20.57694153
1223,MekongFit UC-25,Streetwear,Everyday,XL,blue,4751.004708,4513.454473
1224,MekongFit UC-26,Streetwear,Everyday,S,white,44.49543644,27.68624828
1225,MekongFit UC-27,Streetwear,Everyday,M,purple,2511.495,2353.773114
1226,MekongFit UC-28,Streetwear,Everyday,L,green,6689.096277,5573.355018
1227,MekongFit UC-29,Streetwear,Everyday,XL,silver,3803.996186,3196.497995
1228,MekongFit UC-30,Streetwear,Everyday,S,pink,1644.431713,1030.236468
1229,MekongFit UC-31,Streetwear,Everyday,M,yellow,3180.583289,2331.049492
1230,MekongFit UC-32,Streetwear,Everyday,L,red,5786.595352,3670.437432
1231,MekongFit UC-33,Streetwear,Everyday,XL,black,9063.754615,7768.544081
1232,MekongFit UC-34,Streetwear,Everyday,S,orange,4566.726164,4338.389856
1689,NamStyle UC-01,Streetwear,Everyday,M,yellow,2708.37,1355.268348
1795,SaigonCore UC-01,Streetwear,Everyday,XL,purple,6835.118182,5533.71168
1796,SaigonCore UC-02,Streetwear,Everyday,S,green,9002.7,7059.01707
1797,SaigonCore UC-03,Streetwear,Everyday,M,silver,5696.857895,3744.544694
1798,SaigonCore UC-04,Streetwear,Everyday,L,pink,8498.7,5991.5835
1799,SaigonCore UC-05,Streetwear,Everyday,XL,yellow,9443.7,8971.515
1800,SaigonCore UC-06,Streetwear,Everyday,S,red,7633.08,7251.426
1801,SaigonCore UC-07,Streetwear,Everyday,M,black,9474.183871,7096.163719
1802,SaigonCore UC-08,Streetwear,Everyday,L,orange,8498.7,7093.86489
1803,SaigonCore UC-09,Streetwear,Everyday,XL,blue,5351.85,4369.25034
1804,SaigonCore UC-10,Streetwear,Everyday,S,white,8096.862162,5747.152763
1805,SaigonCore UC-11,Streetwear,Everyday,M,purple,5532.45,3212.14047
1882,BambooCraft UC-01,Streetwear,Everyday,L,orange,35.4650361,22.54050047
1883,BambooCraft UC-02,Streetwear,Everyday,XL,blue,9147.14027,8689.783257
1884,BambooCraft UC-03,Streetwear,Everyday,S,white,10289.22599,8385.719178
1885,BambooCraft UC-04,Streetwear,Everyday,M,purple,10079.37,8501.948595
1886,BambooCraft UC-05,Streetwear,Everyday,L,green,10602.98842,8157.939291
1887,BambooCraft UC-06,Streetwear,Everyday,XL,silver,31.61844608,20.01517155
1888,BambooCraft UC-07,Streetwear,Everyday,S,pink,10940.58,10050.01679
1889,BambooCraft UC-08,Streetwear,Everyday,M,yellow,8251.836923,7839.245077
1890,BambooCraft UC-09,Streetwear,Everyday,L,red,29.35780742,17.31283784
1891,BambooCraft UC-10,Streetwear,Everyday,XL,black,8630.37,5459.572062
1892,BambooCraft UC-11,Streetwear,Everyday,S,orange,10488.37158,9963.953003
1893,BambooCraft UC-12,Streetwear,Everyday,M,blue,8686.738421,7189.144717
1894,BambooCraft UC-13,Streetwear,Everyday,L,white,8725.29,4900.122864
1895,BambooCraft UC-14,Streetwear,Everyday,XL,purple,9014.516341,8563.790524
1896,BambooCraft UC-15,Streetwear,Everyday,S,green,8833.758889,7271.950317
1897,BambooCraft UC-16,Streetwear,Everyday,M,silver,8661.218276,4709.104377
1898,BambooCraft UC-17,Streetwear,Everyday,L,pink,12242.0369,11629.93505
1899,BambooCraft UC-18,Streetwear,Everyday,XL,yellow,11430.57896,10859.05001
1900,BambooCraft UC-19,Streetwear,Everyday,S,red,18.33095579,11.30668959
1901,BambooCraft UC-20,Streetwear,Everyday,M,black,9899.9325,9404.935875
1902,BambooCraft UC-21,Streetwear,Everyday,L,orange,19529.37,16287.49458
1903,BambooCraft UC-22,Streetwear,Everyday,XL,blue,9629.856486,9148.363662
1904,BambooCraft UC-23,Streetwear,Everyday,S,white,8222.527895,5716.301392
1905,BambooCraft UC-24,Streetwear,Everyday,M,purple,11412.14535,8450.693633
1906,BambooCraft UC-25,Streetwear,Everyday,L,green,8808.87,7972.02735
1907,BambooCraft UC-26,Streetwear,Everyday,XL,silver,12729.08397,6993.358735
2066,UrbanVN UC-01,Streetwear,Everyday,L,green,4537.142983,3082.081228
2067,UrbanVN UC-02,Streetwear,Everyday,XL,silver,6547.545719,6220.168433
2068,UrbanVN UC-03,Streetwear,Everyday,S,pink,24.83024128,14.16561365
2069,UrbanVN UC-04,Streetwear,Everyday,M,yellow,6299.37,5984.4015
2070,UrbanVN UC-05,Streetwear,Everyday,L,red,6299.110954,5095.980762
2071,UrbanVN UC-06,Streetwear,Everyday,XL,black,4194.771266,2699.754787
2072,UrbanVN UC-07,Streetwear,Everyday,S,orange,27.54289181,15.95600411
2073,UrbanVN UC-08,Streetwear,Everyday,M,blue,4327.885273,4111.49101
2074,UrbanVN UC-09,Streetwear,Everyday,L,white,4031.37,2954.187936
2075,UrbanVN UC-10,Streetwear,Everyday,XL,purple,5543.37,4112.626203
2076,UrbanVN UC-11,Streetwear,Everyday,S,green,8618.809655,8187.869172
2077,UrbanVN UC-12,Streetwear,Everyday,M,silver,4480.875721,2845.356083
2078,UrbanVN UC-13,Streetwear,Everyday,L,pink,6929.37,4147.227945
2079,UrbanVN UC-14,Streetwear,Everyday,XL,yellow,6564.187241,6235.977879
2080,UrbanVN UC-15,Streetwear,Everyday,S,red,6929.37,3718.992879
2081,UrbanVN UC-16,Streetwear,Everyday,M,black,2708.37,2432.11626
2082,UrbanVN UC-17,Streetwear,Everyday,L,orange,4066.094409,3089.418532
2083,UrbanVN UC-18,Streetwear,Everyday,XL,blue,3872.079591,3180.913384
2084,UrbanVN UC-19,Streetwear,Everyday,S,white,8001.930484,7425.791489
2085,UrbanVN UC-20,Streetwear,Everyday,M,purple,8000.37,7600.3515
2086,UrbanVN UC-21,Streetwear,Everyday,L,green,2916.654192,2528.447519
2087,UrbanVN UC-22,Streetwear,Everyday,XL,silver,8712.525405,7795.09648
2088,UrbanVN UC-23,Streetwear,Everyday,S,pink,7055.37,6285.629133
2089,UrbanVN UC-24,Streetwear,Everyday,M,yellow,9449.37,5547.725127
2090,UrbanVN UC-25,Streetwear,Everyday,L,red,4301.704266,3533.850055
2091,UrbanVN UC-26,Streetwear,Everyday,XL,black,2019.996121,1168.163757
2092,UrbanVN UC-27,Streetwear,Everyday,S,orange,4099.841653,3894.84957
2093,UrbanVN UC-28,Streetwear,Everyday,M,blue,5324.792535,3625.118758
2094,UrbanVN UC-29,Streetwear,Everyday,L,white,5259.781765,4996.792676
2095,UrbanVN UC-30,Streetwear,Everyday,XL,purple,50.54423485,32.32978998
2096,UrbanVN UC-31,Streetwear,Everyday,S,green,37.9947243,20.94649881
2171,PhoenixWear UC-01,Streetwear,Everyday,XL,black,5395.671663,3942.077717
2172,PhoenixWear UC-02,Streetwear,Everyday,S,orange,16.35909379,9.137385792
2173,PhoenixWear UC-03,Streetwear,Everyday,M,blue,9084.633158,6667.212275
2174,PhoenixWear UC-04,Streetwear,Everyday,L,white,5039.37,2880.503892
2175,PhoenixWear UC-05,Streetwear,Everyday,XL,purple,5666.85,3381.409395
2176,PhoenixWear UC-06,Streetwear,Everyday,S,green,8819.37,7504.401933
2177,PhoenixWear UC-07,Streetwear,Everyday,M,silver,7876.33875,5431.523202
2178,PhoenixWear UC-08,Streetwear,Everyday,L,pink,10331.37,9814.8015
2179,PhoenixWear UC-09,Streetwear,Everyday,XL,yellow,9154.692581,7143.406621
2180,PhoenixWear UC-10,Streetwear,Everyday,S,red,5147.283148,4889.918991
2181,PhoenixWear UC-11,Streetwear,Everyday,M,black,9449.37,8976.9015
2182,PhoenixWear UC-12,Streetwear,Everyday,L,orange,9449.37,8976.9015
2183,PhoenixWear UC-13,Streetwear,Everyday,XL,blue,8685.852955,8251.560307
2184,PhoenixWear UC-14,Streetwear,Everyday,S,white,10003.16871,9503.010277
2185,PhoenixWear UC-15,Streetwear,Everyday,M,purple,10064.30478,6988.653241
2186,PhoenixWear UC-16,Streetwear,Everyday,L,green,5332.645862,4611.672142
2353,VietMotion UC-01,Streetwear,Everyday,M,blue,5207.48245,4504.993067
2354,VietMotion UC-02,Streetwear,Everyday,L,white,4403.300272,4183.135259
2355,VietMotion UC-03,Streetwear,Everyday,XL,purple,7179.426821,5081.598304
2356,VietMotion UC-04,Streetwear,Everyday,S,green,8744.4,5883.23232
2357,VietMotion UC-05,Streetwear,Everyday,M,silver,37.69900071,21.5181608
2358,VietMotion UC-06,Streetwear,Everyday,L,pink,28.3880161,15.68872852
2359,VietMotion UC-07,Streetwear,Everyday,XL,yellow,5399.825901,3136.758866
2360,VietMotion UC-08,Streetwear,Everyday,S,red,7081.977321,5403.548696
2361,VietMotion UC-09,Streetwear,Everyday,M,black,7197.014371,6837.163653
2362,VietMotion UC-10,Streetwear,Everyday,L,orange,25.26022944,14.35143626
2363,VietMotion UC-11,Streetwear,Everyday,XL,blue,11768.95954,11180.51156
2364,VietMotion UC-12,Streetwear,Everyday,S,white,42.29506935,25.72826647
2365,VietMotion UC-13,Streetwear,Everyday,M,purple,6423.102532,4688.222538
2366,VietMotion UC-14,Streetwear,Everyday,L,green,5124.649911,4868.417415
2367,VietMotion UC-15,Streetwear,Everyday,XL,silver,5855.092405,3272.411145
2368,VietMotion UC-16,Streetwear,Everyday,S,pink,9060.457987,5234.226579
2369,VietMotion UC-17,Streetwear,Everyday,M,yellow,5168.688327,2624.143064
2370,VietMotion UC-18,Streetwear,Everyday,L,red,8898.12,4748.926644
2371,VietMotion UC-19,Streetwear,Everyday,XL,black,6958.297152,4658.579943
2372,VietMotion UC-20,Streetwear,Everyday,S,orange,4787.37,2481.772608
2373,VietMotion UC-21,Streetwear,Everyday,M,blue,7213.408462,4297.748761
2374,VietMotion UC-22,Streetwear,Everyday,L,white,7830.721536,5726.606659
2375,VietMotion UC-23,Streetwear,Everyday,XL,purple,8378.37,5122.535418
2376,VietMotion UC-24,Streetwear,Everyday,S,green,8381.717836,7962.631945
2377,VietMotion UC-25,Streetwear,Everyday,M,silver,10451.7,9744.11991
2378,VietMotion UC-26,Streetwear,Everyday,L,pink,9752.4,9264.78
2379,VietMotion UC-27,Streetwear,Everyday,XL,yellow,2324.005437,2207.805165
2380,VietMotion UC-28,Streetwear,Everyday,S,red,3754.707101,2446.942618
2381,VietMotion UC-29,Streetwear,Everyday,M,black,7536.502486,7159.677362
2382,VietMotion UC-30,Streetwear,Everyday,L,orange,50.01884373,29.61828092
2383,VietMotion UC-31,Streetwear,Everyday,XL,blue,48.06297103,30.72507953
2384,VietMotion UC-32,Streetwear,Everyday,S,white,7792.531999,4305.373929
2385,VietMotion UC-33,Streetwear,Everyday,M,purple,9105.602558,6343.873302
2386,VietMotion UC-34,Streetwear,Everyday,L,green,23.67247523,14.95495263
2387,VietMotion UC-35,Streetwear,Everyday,XL,silver,6091.445099,4494.268194
2388,VietMotion UC-36,Streetwear,Everyday,S,pink,3825.871124,2462.330655
2389,VietMotion UC-37,Streetwear,Everyday,M,yellow,10194.30434,9156.524154
2390,VietMotion UC-38,Streetwear,Everyday,L,red,29.26274045,17.09475849
2391,VietMotion UC-39,Streetwear,Everyday,XL,black,9057.265511,8604.402235
173,DragonWear UE-01,Streetwear,Performance,M,blue,12869.20066,10770.23403
174,DragonWear UE-02,Streetwear,Performance,L,white,8386.030435,7570.069673
175,DragonWear UE-03,Streetwear,Performance,XL,purple,7553.7,7176.015
176,DragonWear UE-04,Streetwear,Performance,S,green,9216.9,7344.94761
177,DragonWear UE-05,Streetwear,Performance,M,silver,9443.35,8471.629285
178,DragonWear UE-06,Streetwear,Performance,L,pink,6268.5,3509.73315
179,DragonWear UE-07,Streetwear,Performance,XL,yellow,37.80741973,21.77489392
180,DragonWear UE-08,Streetwear,Performance,S,red,9746.469643,9106.126587
181,DragonWear UE-09,Streetwear,Performance,M,black,8498.7,8073.765
182,DragonWear UE-10,Streetwear,Performance,L,orange,16000.56818,12051.62795
183,DragonWear UE-11,Streetwear,Performance,XL,blue,9191.446034,8731.873732
184,DragonWear UE-12,Streetwear,Performance,S,white,48.92155275,28.76436823
185,DragonWear UE-13,Streetwear,Performance,M,purple,9741.693307,5492.366687
186,DragonWear UE-14,Streetwear,Performance,L,green,27.33943881,16.65052459
187,DragonWear UE-15,Streetwear,Performance,XL,silver,8798.352128,7129.304729
188,DragonWear UE-16,Streetwear,Performance,S,pink,9261.0,6645.6936
513,SaigonFlex UE-01,Streetwear,Performance,M,blue,5635.854,4186.312351
514,SaigonFlex UE-02,Streetwear,Performance,L,white,5606.58,4206.056316
515,SaigonFlex UE-03,Streetwear,Performance,XL,purple,6514.160127,3614.707454
516,SaigonFlex UE-04,Streetwear,Performance,S,green,6653.520616,3389.968754
517,SaigonFlex UE-05,Streetwear,Performance,M,silver,8186.85,6897.421125
518,SaigonFlex UE-06,Streetwear,Performance,L,pink,6281.421429,3173.374106
519,SaigonFlex UE-07,Streetwear,Performance,XL,yellow,19526.85,9948.930075
520,SaigonFlex UE-08,Streetwear,Performance,S,red,7367.85,6999.4575
521,SaigonFlex UE-09,Streetwear,Performance,M,black,6740.37,5806.828755
522,SaigonFlex UE-10,Streetwear,Performance,L,orange,30.74527763,17.7340718
523,SaigonFlex UE-11,Streetwear,Performance,XL,blue,6819.422254,6351.609888
524,SaigonFlex UE-12,Streetwear,Performance,S,white,7556.85,7179.0075
525,SaigonFlex UE-13,Streetwear,Performance,M,purple,6289.682,3754.311186
526,SaigonFlex UE-14,Streetwear,Performance,L,green,21.27358177,13.02825826
527,SaigonFlex UE-15,Streetwear,Performance,XL,silver,6485.85,5394.281445
528,SaigonFlex UE-16,Streetwear,Performance,S,pink,7241.85,4674.614175
529,SaigonFlex UE-17,Streetwear,Performance,M,yellow,5574.453471,2865.269084
530,SaigonFlex UE-18,Streetwear,Performance,L,red,7519.365,5786.151368
531,SaigonFlex UE-19,Streetwear,Performance,XL,black,7557.783882,7179.894688
532,SaigonFlex UE-20,Streetwear,Performance,S,orange,6825.528621,5999.639658
533,SaigonFlex UE-21,Streetwear,Performance,M,blue,6086.914024,3334.411503
534,SaigonFlex UE-22,Streetwear,Performance,L,white,6526.873256,5059.632148
535,SaigonFlex UE-23,Streetwear,Performance,XL,purple,6485.85,5704.305075
892,HanoiStreet UE-01,Streetwear,Performance,S,orange,20.52240775,12.12753555
893,HanoiStreet UE-02,Streetwear,Performance,M,blue,10520.37,8970.719499
894,HanoiStreet UE-03,Streetwear,Performance,L,white,45.83327377,27.73851353
895,HanoiStreet UE-04,Streetwear,Performance,XL,purple,7118.876024,4305.496219
896,HanoiStreet UE-05,Streetwear,Performance,S,green,11024.37,7005.987135
897,HanoiStreet UE-06,Streetwear,Performance,M,silver,8438.654,4981.337456
898,HanoiStreet UE-07,Streetwear,Performance,L,pink,56.96835917,33.81713882
899,HanoiStreet UE-08,Streetwear,Performance,XL,yellow,7171.244595,6812.682365
900,HanoiStreet UE-09,Streetwear,Performance,S,red,3541.482,2763.772553
901,HanoiStreet UE-10,Streetwear,Performance,M,black,4913.37,3388.259952
902,HanoiStreet UE-11,Streetwear,Performance,L,orange,1889.37,1062.959562
903,HanoiStreet UE-12,Streetwear,Performance,XL,blue,32.17519942,18.64380913
904,HanoiStreet UE-13,Streetwear,Performance,S,white,49.47231198,31.90198938
905,HanoiStreet UE-14,Streetwear,Performance,M,purple,7216.908462,5134.83037
906,HanoiStreet UE-15,Streetwear,Performance,L,green,5178.670999,4255.831827
907,HanoiStreet UE-16,Streetwear,Performance,XL,silver,7343.252555,6976.089928
908,HanoiStreet UE-17,Streetwear,Performance,S,pink,2601.282046,2461.333072
909,HanoiStreet UE-18,Streetwear,Performance,M,yellow,2910.238085,1759.82097
910,HanoiStreet UE-19,Streetwear,Performance,L,red,5226.117562,4846.178816
911,HanoiStreet UE-20,Streetwear,Performance,XL,black,38.26954499,23.97053438
912,HanoiStreet UE-21,Streetwear,Performance,S,orange,25.58361476,14.42944827
913,HanoiStreet UE-22,Streetwear,Performance,M,blue,4566.493506,2456.773506
914,HanoiStreet UE-23,Streetwear,Performance,L,white,6929.37,3953.205585
915,HanoiStreet UE-24,Streetwear,Performance,XL,purple,6677.37,6343.5015
916,HanoiStreet UE-25,Streetwear,Performance,S,green,10079.37,9575.4015
917,HanoiStreet UE-26,Streetwear,Performance,M,silver,38.26586487,24.3694935
918,HanoiStreet UE-27,Streetwear,Performance,L,pink,61.26536203,36.682214
919,HanoiStreet UE-28,Streetwear,Performance,XL,yellow,32.64427789,20.87455399
920,HanoiStreet UE-29,Streetwear,Performance,S,red,61.92088132,39.00925896
921,HanoiStreet UE-30,Streetwear,Performance,M,black,6299.37,5324.227524
922,HanoiStreet UE-31,Streetwear,Performance,L,orange,5687.85,2991.240315
923,HanoiStreet UE-32,Streetwear,Performance,XL,blue,11.61273056,6.880790793
924,HanoiStreet UE-33,Streetwear,Performance,S,white,3853.824545,3304.654548
925,HanoiStreet UE-34,Streetwear,Performance,M,purple,3806.73193,3616.395334
926,HanoiStreet UE-35,Streetwear,Performance,L,green,6977.845321,4222.991988
927,HanoiStreet UE-36,Streetwear,Performance,XL,silver,5860.364172,5567.345964
928,HanoiStreet UE-37,Streetwear,Performance,S,pink,46.00550217,25.40639738
929,HanoiStreet UE-38,Streetwear,Performance,M,yellow,34.28880196,19.78010355
930,HanoiStreet UE-39,Streetwear,Performance,L,red,6577.813299,6180.513376
931,HanoiStreet UE-40,Streetwear,Performance,XL,black,4142.897027,3834.665488
932,HanoiStreet UE-41,Streetwear,Performance,S,orange,29.38243538,17.75179269
933,HanoiStreet UE-42,Streetwear,Performance,M,blue,6929.37,3488.244858
934,HanoiStreet UE-43,Streetwear,Performance,L,white,34.35351391,21.07065293
935,HanoiStreet UE-44,Streetwear,Performance,XL,purple,9448.74,7307.655516
936,HanoiStreet UE-45,Streetwear,Performance,S,green,6240.3075,5928.292125
937,HanoiStreet UE-46,Streetwear,Performance,M,silver,6299.37,5984.4015
1165,MekongFit UE-01,Streetwear,Performance,M,purple,6929.37,6582.9015
1166,MekongFit UE-02,Streetwear,Performance,L,green,6410.831538,4801.071739
1167,MekongFit UE-03,Streetwear,Performance,XL,silver,3123.12,1696.166472
1168,MekongFit UE-04,Streetwear,Performance,S,pink,4290.576642,4000.104603
1169,MekongFit UE-05,Streetwear,Performance,M,yellow,5039.37,4378.708593
1170,MekongFit UE-06,Streetwear,Performance,L,red,5606.37,3703.568022
1171,MekongFit UE-07,Streetwear,Performance,XL,black,4297.006364,3953.675555
1172,MekongFit UE-08,Streetwear,Performance,S,orange,5704.611251,3429.041823
1173,MekongFit UE-09,Streetwear,Performance,M,blue,6051.284201,5634.35072
1174,MekongFit UE-10,Streetwear,Performance,L,white,6929.37,6582.9015
1175,MekongFit UE-11,Streetwear,Performance,XL,purple,7960.852541,7562.809914
1176,MekongFit UE-12,Streetwear,Performance,S,green,7474.808503,7035.289763
1177,MekongFit UE-13,Streetwear,Performance,M,silver,3193.262401,3033.599281
1178,MekongFit UE-14,Streetwear,Performance,L,pink,7106.041803,3850.764053
1179,MekongFit UE-15,Streetwear,Performance,XL,yellow,7152.328537,6404.194972
1180,MekongFit UE-16,Streetwear,Performance,S,red,6400.831707,3691.359645
1181,MekongFit UE-17,Streetwear,Performance,M,black,5039.37,2798.362161
1182,MekongFit UE-18,Streetwear,Performance,L,orange,2220.567623,2109.539242
1183,MekongFit UE-19,Streetwear,Performance,XL,blue,7901.328263,4835.612897
1184,MekongFit UE-20,Streetwear,Performance,S,white,7559.37,5095.771317
1185,MekongFit UE-21,Streetwear,Performance,M,purple,14.95390447,8.610290238
1186,MekongFit UE-22,Streetwear,Performance,L,green,4625.500178,2901.113711
1187,MekongFit UE-23,Streetwear,Performance,XL,silver,5444.799864,5172.559871
1188,MekongFit UE-24,Streetwear,Performance,S,pink,5589.408462,5309.938038
1189,MekongFit UE-25,Streetwear,Performance,M,yellow,2618.91,2284.475193
1190,MekongFit UE-26,Streetwear,Performance,L,red,2330.37,1277.974908
1191,MekongFit UE-27,Streetwear,Performance,XL,black,3202.148351,2351.657749
1192,MekongFit UE-28,Streetwear,Performance,S,orange,4031.37,3140.43723
1193,MekongFit UE-29,Streetwear,Performance,M,blue,30.32981569,17.10406303
1194,MekongFit UE-30,Streetwear,Performance,L,white,9476.44438,7068.479863
1195,MekongFit UE-31,Streetwear,Performance,XL,purple,3527.37,2364.748848
1196,MekongFit UE-32,Streetwear,Performance,S,green,5291.37,2884.325787
1197,MekongFit UE-33,Streetwear,Performance,M,silver,5291.37,3505.003488
1198,MekongFit UE-34,Streetwear,Performance,L,pink,5574.101707,5295.396622
1671,VietMode UE-01,Streetwear,Performance,XL,black,4408.74,4188.303
1672,VietMode UE-02,Streetwear,Performance,S,orange,8188.74,4955.825448
1673,VietMode UE-03,Streetwear,Performance,M,blue,11048.48769,6622.463523
1674,VietMode UE-04,Streetwear,Performance,L,white,12599.37,11969.4015
1675,VietMode UE-05,Streetwear,Performance,XL,purple,5857.74,4998.409542
1676,VietMode UE-06,Streetwear,Performance,S,green,6171.308182,4136.010743
1677,VietMode UE-07,Streetwear,Performance,M,silver,10520.37,6982.369569
1678,VietMode UE-08,Streetwear,Performance,L,pink,8819.02,8378.069
1679,VietMode UE-09,Streetwear,Performance,XL,yellow,10719.60207,10183.62197
1680,VietMode UE-10,Streetwear,Performance,S,red,4610.20875,2840.810632
1681,VietMode UE-11,Streetwear,Performance,M,black,6053.190448,5750.530925
1682,VietMode UE-12,Streetwear,Performance,L,orange,8921.64,8475.558
1683,VietMode UE-13,Streetwear,Performance,XL,blue,6613.74,5271.812154
1684,VietMode UE-14,Streetwear,Performance,S,white,5416.74,3482.422146
1685,VietMode UE-15,Streetwear,Performance,M,purple,8188.74,4606.985124
1686,VietMode UE-16,Streetwear,Performance,L,green,9826.74,9335.403
1687,VietMode UE-17,Streetwear,Performance,XL,silver,8819.221765,8378.260676
1688,NamStyle UE-01,Streetwear,Performance,S,pink,1889.37,1143.446724
1766,SaigonCore UE-01,Streetwear,Performance,L,green,8892.502867,5203.892678
1767,SaigonCore UE-02,Streetwear,Performance,XL,silver,11969.37,6986.521269
1768,SaigonCore UE-03,Streetwear,Performance,S,pink,10898.37,10353.4515
1769,SaigonCore UE-04,Streetwear,Performance,M,yellow,12221.37,11610.3015
1770,SaigonCore UE-05,Streetwear,Performance,L,red,7559.37,4246.098129
1771,SaigonCore UE-06,Streetwear,Performance,XL,black,10709.37,7600.439889
1772,SaigonCore UE-07,Streetwear,Performance,S,orange,7868.7,5265.73404
1773,SaigonCore UE-08,Streetwear,Performance,M,blue,13497.12,7885.017504
1774,SaigonCore UE-09,Streetwear,Performance,L,white,10302.29308,8867.183651
1775,SaigonCore UE-10,Streetwear,Performance,XL,purple,8504.37,7461.734238
1776,SaigonCore UE-11,Streetwear,Performance,S,green,17639.37,16157.66292
1777,SaigonCore UE-12,Streetwear,Performance,M,silver,7626.910345,6550.753295
1778,SaigonCore UE-13,Streetwear,Performance,L,pink,8251.727143,4414.674021
1779,SaigonCore UE-14,Streetwear,Performance,XL,yellow,9449.37,6418.012104
1780,SaigonCore UE-15,Streetwear,Performance,S,red,17143.7,14587.57433
1781,SaigonCore UE-16,Streetwear,Performance,M,black,6970.456957,6092.876426
1782,SaigonCore UE-17,Streetwear,Performance,L,orange,6087.37,3511.803753
1783,SaigonCore UE-18,Streetwear,Performance,XL,blue,7627.725,6845.883188
1784,SaigonCore UE-19,Streetwear,Performance,S,white,7238.7,5703.37173
1785,SaigonCore UE-20,Streetwear,Performance,M,purple,9443.7,8971.515
1786,SaigonCore UE-21,Streetwear,Performance,L,green,7948.039355,7430.621993
1787,SaigonCore UE-22,Streetwear,Performance,XL,silver,9128.7,8672.265
1788,SaigonCore UE-23,Streetwear,Performance,S,pink,7245.0,6546.582
1789,SaigonCore UE-24,Streetwear,Performance,M,yellow,11313.77625,8076.904865
1790,SaigonCore UE-25,Streetwear,Performance,L,red,5087.7,4690.35063
1791,SaigonCore UE-26,Streetwear,Performance,XL,black,9507.396316,8027.094709
1792,SaigonCore UE-27,Streetwear,Performance,S,orange,11339.37,7818.495615
1793,SaigonCore UE-28,Streetwear,Performance,M,blue,6713.7,3936.91368
1794,SaigonCore UE-29,Streetwear,Performance,L,white,38.2003634,24.19966371
2041,UrbanVN UE-01,Streetwear,Performance,M,black,8922.087391,8475.983022
2042,UrbanVN UE-02,Streetwear,Performance,L,orange,7307.37,5269.344507
2043,UrbanVN UE-03,Streetwear,Performance,XL,blue,9308.546471,5375.685587
2044,UrbanVN UE-04,Streetwear,Performance,S,white,4691.61,4457.0295
2045,UrbanVN UE-05,Streetwear,Performance,M,purple,5569.462313,2996.370724
2046,UrbanVN UE-06,Streetwear,Performance,L,green,5196.87,3738.628278
2047,UrbanVN UE-07,Streetwear,Performance,XL,silver,4488.827571,2369.652075
2048,UrbanVN UE-08,Streetwear,Performance,S,pink,59.80908772,38.78261788
2049,UrbanVN UE-09,Streetwear,Performance,M,yellow,5425.358473,5021.169266
2050,UrbanVN UE-10,Streetwear,Performance,L,red,6047.043575,5297.814876
2051,UrbanVN UE-11,Streetwear,Performance,XL,black,9008.37,6208.568604
2052,UrbanVN UE-12,Streetwear,Performance,S,orange,9086.843684,7847.398206
2053,UrbanVN UE-13,Streetwear,Performance,M,blue,4015.524229,2068.39653
2054,UrbanVN UE-14,Streetwear,Performance,L,white,7071.601572,6718.021494
2055,UrbanVN UE-15,Streetwear,Performance,XL,purple,7240.102907,6878.097762
2056,UrbanVN UE-16,Streetwear,Performance,S,green,3991.447338,3791.874971
2057,UrbanVN UE-17,Streetwear,Performance,M,silver,5726.07,5053.256775
2058,UrbanVN UE-18,Streetwear,Performance,L,pink,3259.523493,1700.493406
2059,UrbanVN UE-19,Streetwear,Performance,XL,yellow,26.91521965,16.21827748
2060,UrbanVN UE-20,Streetwear,Performance,S,red,4438.989403,2234.587265
2061,UrbanVN UE-21,Streetwear,Performance,M,black,4375.115247,4156.359485
2062,UrbanVN UE-22,Streetwear,Performance,L,orange,23.96519475,13.59228986
2063,UrbanVN UE-23,Streetwear,Performance,XL,blue,27.09359038,15.63925303
2064,UrbanVN UE-24,Streetwear,Performance,S,white,6479.721272,5307.539694
2065,UrbanVN UE-25,Streetwear,Performance,M,purple,47.75868079,26.35510588
2148,PhoenixWear UE-01,Streetwear,Performance,S,pink,7739.005135,4210.018794
2149,PhoenixWear UE-02,Streetwear,Performance,M,yellow,5228.37,4966.9515
2150,PhoenixWear UE-03,Streetwear,Performance,L,red,5932.945301,4969.434984
2151,PhoenixWear UE-04,Streetwear,Performance,XL,black,6235.610964,4723.475305
2152,PhoenixWear UE-05,Streetwear,Performance,S,orange,37.76944505,24.22645063
2153,PhoenixWear UE-06,Streetwear,Performance,M,blue,6751.031538,6413.479962
2154,PhoenixWear UE-07,Streetwear,Performance,L,white,10009.10077,5308.827048
2155,PhoenixWear UE-08,Streetwear,Performance,XL,purple,7564.62,3894.266376
2156,PhoenixWear UE-09,Streetwear,Performance,S,green,26.79180128,15.05096707
2157,PhoenixWear UE-10,Streetwear,Performance,M,silver,5480.37,3292.606296
2158,PhoenixWear UE-11,Streetwear,Performance,L,pink,40.66252771,24.70865196
2159,PhoenixWear UE-12,Streetwear,Performance,XL,yellow,5663.07,4892.326173
2160,PhoenixWear UE-13,Streetwear,Performance,S,red,34.42665158,19.87813873
2161,PhoenixWear UE-14,Streetwear,Performance,M,black,6821.85,5840.86797
2162,PhoenixWear UE-15,Streetwear,Performance,L,orange,48.78671276,29.53634432
2163,PhoenixWear UE-16,Streetwear,Performance,XL,blue,8504.37,7320.561696
2164,PhoenixWear UE-17,Streetwear,Performance,S,white,4574.496316,2482.579151
2165,PhoenixWear UE-18,Streetwear,Performance,M,purple,7994.642727,6223.829363
2166,PhoenixWear UE-19,Streetwear,Performance,L,green,7559.37,4870.502091
2167,PhoenixWear UE-20,Streetwear,Performance,XL,silver,6928.53,6582.1035
2168,PhoenixWear UE-21,Streetwear,Performance,S,pink,5039.37,4227.527493
2169,PhoenixWear UE-22,Streetwear,Performance,M,yellow,6603.962566,3515.94967
2170,PhoenixWear UE-23,Streetwear,Performance,L,red,8441.37,5207.481153
2327,VietMotion UE-01,Streetwear,Performance,XL,silver,7343.276054,6976.112252
2328,VietMotion UE-02,Streetwear,Performance,S,pink,4409.37,4087.926927
2329,VietMotion UE-03,Streetwear,Performance,M,yellow,25.00757459,15.38321042
2330,VietMotion UE-04,Streetwear,Performance,L,red,8976.87,5674.279527
2331,VietMotion UE-05,Streetwear,Performance,XL,black,7365.66177,6671.816431
2332,VietMotion UE-06,Streetwear,Performance,S,orange,5799.62895,4554.448615
2333,VietMotion UE-07,Streetwear,Performance,M,blue,29.04757902,18.38636752
2334,VietMotion UE-08,Streetwear,Performance,L,white,4289.179587,2661.435934
2335,VietMotion UE-09,Streetwear,Performance,XL,purple,28.30834787,16.15393584
2336,VietMotion UE-10,Streetwear,Performance,S,green,8688.964824,8254.516583
2337,VietMotion UE-11,Streetwear,Performance,M,silver,5033.7,3153.61305
2338,VietMotion UE-12,Streetwear,Performance,L,pink,18.44132409,10.16300601
2339,VietMotion UE-13,Streetwear,Performance,XL,yellow,37.27966899,21.01412304
2340,VietMotion UE-14,Streetwear,Performance,S,red,5543.37,5210.7678
2341,VietMotion UE-15,Streetwear,Performance,M,black,5457.50597,5184.630672
2342,VietMotion UE-16,Streetwear,Performance,L,orange,36.76043419,23.52674641
2343,VietMotion UE-17,Streetwear,Performance,XL,blue,5703.509189,4446.455764
2344,VietMotion UE-18,Streetwear,Performance,S,white,33.18325505,21.15064201
2345,VietMotion UE-19,Streetwear,Performance,M,purple,5244.730035,4313.265981
2346,VietMotion UE-20,Streetwear,Performance,L,green,30.14940374,18.38333694
2347,VietMotion UE-21,Streetwear,Performance,XL,silver,18.79990287,11.46891244
2348,VietMotion UE-22,Streetwear,Performance,S,pink,9921.926803,6549.463883
2349,VietMotion UE-23,Streetwear,Performance,M,yellow,27.9870491,17.25411841
2350,VietMotion UE-24,Streetwear,Performance,L,red,4649.896262,4417.401449
2351,VietMotion UE-25,Streetwear,Performance,XL,black,28.87321051,16.38661897
2352,VietMotion UE-26,Streetwear,Performance,S,orange,4441.32302,3680.968519
280,LotusWear UE-01,Streetwear,Performance,S,red,12596.85,11967.0075
281,LotusWear UE-02,Streetwear,Performance,M,black,15746.85,8750.524545
282,LotusWear UE-03,Streetwear,Performance,L,orange,14486.85,12008.14997
283,LotusWear UE-04,Streetwear,Performance,XL,blue,24.02485915,15.41053435
284,LotusWear UE-05,Streetwear,Performance,S,white,31.04648866,18.3757042
285,LotusWear UE-06,Streetwear,Performance,M,purple,38.92436261,22.89974174
286,LotusWear UE-07,Streetwear,Performance,L,green,70.41979203,42.38509331
287,LotusWear UE-08,Streetwear,Performance,XL,silver,35.5105958,19.69760664
288,LotusWear UE-09,Streetwear,Performance,S,pink,36.70893391,20.80032217
289,LotusWear UE-10,Streetwear,Performance,M,yellow,10606.05,10075.7475
290,LotusWear UE-11,Streetwear,Performance,L,red,32.14386582,20.05145155
291,LotusWear UE-12,Streetwear,Performance,XL,black,9887.85,9393.4575
292,LotusWear UE-13,Streetwear,Performance,S,orange,8269.868692,7282.44637
293,LotusWear UE-14,Streetwear,Performance,M,blue,8405.192466,6159.325039
294,LotusWear UE-15,Streetwear,Performance,L,white,9446.85,8663.706135
295,LotusWear UE-16,Streetwear,Performance,XL,purple,12596.85,8588.53233
296,LotusWear UE-17,Streetwear,Performance,S,green,27716.85,14598.4649
297,LotusWear UE-18,Streetwear,Performance,M,silver,8483.475,6521.247233
298,LotusWear UE-19,Streetwear,Performance,L,pink,15.37113675,8.581396178
299,LotusWear UE-20,Streetwear,Performance,XL,yellow,8584.023913,4506.612554
300,LotusWear UE-21,Streetwear,Performance,S,red,9320.85,6524.595
301,LotusWear UE-22,Streetwear,Performance,M,black,32.76610018,19.99764934
302,LotusWear UE-23,Streetwear,Performance,L,orange,33.92296043,19.48992505
303,LotusWear UE-24,Streetwear,Performance,XL,blue,88.70327803,52.23998262
304,LotusWear UE-25,Streetwear,Performance,S,white,11204.14787,7121.356388
305,LotusWear UE-26,Streetwear,Performance,M,purple,18589.78333,11094.38269
306,LotusWear UE-27,Streetwear,Performance,L,green,14648.60676,7768.156163
307,LotusWear UE-28,Streetwear,Performance,XL,silver,13856.85,8174.155815
308,LotusWear UE-29,Streetwear,Performance,S,pink,15162.94756,10231.95701
309,LotusWear UE-30,Streetwear,Performance,M,yellow,40950.0,30319.38
310,LotusWear UE-31,Streetwear,Performance,L,red,11336.85,10173.68919
311,LotusWear UE-32,Streetwear,Performance,XL,black,7633.679268,6058.087867
312,LotusWear UE-33,Streetwear,Performance,S,orange,9320.85,8854.8075
313,LotusWear UE-34,Streetwear,Performance,M,blue,9131.85,5436.190305
314,LotusWear UE-35,Streetwear,Performance,L,white,30.66296621,17.74985205
315,LotusWear UE-36,Streetwear,Performance,XL,purple,37.36068457,21.87719413
316,LotusWear UE-37,Streetwear,Performance,S,green,32.65883094,20.31067688
317,LotusWear UE-38,Streetwear,Performance,M,silver,20.74963767,12.02881751
318,LotusWear UE-39,Streetwear,Performance,L,pink,10553.85,5995.642185
319,LotusWear UE-40,Streetwear,Performance,XL,yellow,13226.85,10914.79662
320,LotusWear UE-41,Streetwear,Performance,S,red,52.30694353,31.7315085
321,LotusWear UE-42,Streetwear,Performance,M,black,11235.50217,10673.72707
322,LotusWear UE-43,Streetwear,Performance,L,orange,8816.85,7946.626905
323,LotusWear UE-44,Streetwear,Performance,XL,blue,9450.0,6288.975
324,LotusWear UE-45,Streetwear,Performance,S,white,13905.65282,7827.491971
325,LotusWear UE-46,Streetwear,Performance,M,purple,6645.975,4429.542338
326,LotusWear UE-47,Streetwear,Performance,L,green,8344.35,5868.581355
327,LotusWear UE-48,Streetwear,Performance,XL,silver,14014.35,13313.6325
328,LotusWear UE-49,Streetwear,Performance,S,pink,44.7357614,26.73431649
329,LotusWear UE-50,Streetwear,Performance,M,yellow,45.44090901,28.00828206
330,LotusWear UE-51,Streetwear,Performance,L,red,6926.85,6520.93659
331,LotusWear UE-52,Streetwear,Performance,XL,black,11147.85,10590.4575
332,LotusWear UE-53,Streetwear,Performance,S,orange,11613.77308,9075.002282
333,LotusWear UE-54,Streetwear,Performance,M,blue,9807.47069,8751.206096
334,LotusWear UE-55,Streetwear,Performance,L,white,25196.85,23937.0075
335,LotusWear UE-56,Streetwear,Performance,XL,purple,10391.85,9872.2575
336,LotusWear UE-57,Streetwear,Performance,S,green,11336.85,10770.0075
337,LotusWear UE-58,Streetwear,Performance,M,silver,18896.85,11857.77338
338,LotusWear UE-59,Streetwear,Performance,L,pink,17636.85,11541.55464
339,LotusWear UE-60,Streetwear,Performance,XL,yellow,9215.85,6827.10168
340,LotusWear UE-61,Streetwear,Performance,S,red,23.01727493,14.81582798
341,LotusWear UE-62,Streetwear,Performance,M,black,5011.65,4215.79998
342,LotusWear UE-63,Streetwear,Performance,L,orange,8412.978527,7352.101934
343,LotusWear UE-64,Streetwear,Performance,XL,blue,58.03914661,36.17331657
344,LotusWear UE-65,Streetwear,Performance,S,white,18.90184573,10.80229214
345,LotusWear UE-66,Streetwear,Performance,M,purple,41.87725492,23.16307662
346,LotusWear UE-67,Streetwear,Performance,L,green,12596.85,11967.0075
347,LotusWear UE-68,Streetwear,Performance,XL,silver,40950.0,38902.5
348,LotusWear UE-69,Streetwear,Performance,S,pink,7556.85,5611.71681
349,LotusWear UE-70,Streetwear,Performance,M,yellow,6296.85,5735.17098
350,LotusWear UE-71,Streetwear,Performance,L,red,6949.759091,6602.271136
351,LotusWear UE-72,Streetwear,Performance,XL,black,14045.85,8674.71696
352,LotusWear UE-73,Streetwear,Performance,S,orange,12596.85,11250.24674
353,LotusWear UE-74,Streetwear,Performance,M,blue,20786.85,15267.94133
354,LotusWear UE-75,Streetwear,Performance,L,white,13924.60472,13228.37448
355,LotusWear UE-76,Streetwear,Performance,XL,purple,5576.85,2954.61513
356,LotusWear UE-77,Streetwear,Performance,S,green,5234.413107,4911.449818
357,LotusWear UE-78,Streetwear,Performance,M,silver,79.53381287,45.82948302
358,LotusWear UE-79,Streetwear,Performance,L,pink,22.28214021,13.5811381
359,LotusWear UE-80,Streetwear,Performance,XL,yellow,13730.85,13044.3075
360,LotusWear UE-81,Streetwear,Performance,S,red,9338.85,6702.492645
361,LotusWear UE-82,Streetwear,Performance,M,black,5023.154348,3094.263078
362,LotusWear UE-83,Streetwear,Performance,L,orange,8816.85,4773.44259
363,LotusWear UE-84,Streetwear,Performance,XL,blue,26.40308629,14.65747748
364,LotusWear UE-85,Streetwear,Performance,S,white,14297.85,8923.288185
365,LotusWear UE-86,Streetwear,Performance,M,purple,7556.85,4276.421415
366,LotusWear UE-87,Streetwear,Performance,L,green,9131.85,6334.764345
367,LotusWear UE-88,Streetwear,Performance,XL,silver,9257.85,8448.71391
368,LotusWear UE-89,Streetwear,Performance,S,pink,9257.85,7730.30475
369,LotusWear UE-90,Streetwear,Performance,M,yellow,10489.21364,9695.180164
370,LotusWear UE-91,Streetwear,Performance,L,red,6485.85,3774.7647
371,LotusWear UE-92,Streetwear,Performance,XL,black,9446.85,8974.5075
372,LotusWear UE-93,Streetwear,Performance,S,orange,11966.85,6104.290185
373,LotusWear UE-94,Streetwear,Performance,M,blue,4532.85,3197.47239
374,LotusWear UE-95,Streetwear,Performance,L,white,34.46211298,20.66474511
375,LotusWear UE-96,Streetwear,Performance,XL,purple,9362.19375,7022.581532
376,LotusWear UE-97,Streetwear,Performance,S,green,27.07497145,16.50718461
377,LotusWear UE-98,Streetwear,Performance,M,silver,17.80954639,10.39052372
378,LotusWear UE-99,Streetwear,Performance,L,pink,9446.85,5805.089325
379,LotusWear UE-00,Streetwear,Performance,XL,yellow,6296.85,5142.00771
380,LotusWear UE-01,Streetwear,Performance,S,red,34.0362179,21.34381342
381,LotusWear UE-02,Streetwear,Performance,M,black,21.65158181,12.13917207
382,LotusWear UE-03,Streetwear,Performance,L,orange,11147.85,10315.10561
383,LotusWear UE-04,Streetwear,Performance,XL,blue,7286.85,6664.55301
384,LotusWear UE-05,Streetwear,Performance,S,white,12596.85,10771.56644
385,LotusWear UE-06,Streetwear,Performance,M,purple,8816.85,7770.289905
386,LotusWear UE-07,Streetwear,Performance,L,green,5761.35,3392.28288
396,SaigonFlex UM-01,Streetwear,Balanced,S,green,11028.42869,10091.01226
397,SaigonFlex UM-02,Streetwear,Balanced,M,silver,17955.91601,17058.12021
398,SaigonFlex UM-03,Streetwear,Balanced,L,pink,18902.07968,15269.09996
399,SaigonFlex UM-04,Streetwear,Balanced,XL,yellow,40.02230694,22.31298756
400,SaigonFlex UM-05,Streetwear,Balanced,S,red,9886.80288,7227.252905
401,SaigonFlex UM-06,Streetwear,Balanced,M,black,11384.1,10814.895
402,SaigonFlex UM-07,Streetwear,Balanced,L,orange,12352.39817,11202.3899
403,SaigonFlex UM-08,Streetwear,Balanced,XL,blue,13752.81,7730.454501
404,SaigonFlex UM-09,Streetwear,Balanced,S,white,22378.44821,17936.32624
405,SaigonFlex UM-10,Streetwear,Balanced,M,purple,22994.37,14155.33417
406,SaigonFlex UM-11,Streetwear,Balanced,L,green,23003.53364,15607.89757
407,SaigonFlex UM-12,Streetwear,Balanced,XL,silver,19779.22981,18790.26832
408,SaigonFlex UM-13,Streetwear,Balanced,S,pink,16386.06767,15566.76429
409,SaigonFlex UM-14,Streetwear,Balanced,M,yellow,11606.2819,10763.66583
410,SaigonFlex UM-15,Streetwear,Balanced,L,red,17643.04672,16760.89439
411,SaigonFlex UM-16,Streetwear,Balanced,XL,black,22.92505246,14.27815539
412,SaigonFlex UM-17,Streetwear,Balanced,S,orange,19533.02217,17015.21562
413,SaigonFlex UM-18,Streetwear,Balanced,M,blue,14675.85,10280.43293
414,SaigonFlex UM-19,Streetwear,Balanced,L,white,6484.525568,4763.532482
415,SaigonFlex UM-20,Streetwear,Balanced,XL,purple,9929.025556,9299.525335
416,SaigonFlex UM-21,Streetwear,Balanced,S,green,10765.5975,9498.486674
417,SaigonFlex UM-22,Streetwear,Balanced,M,silver,11199.10787,8260.461967
418,SaigonFlex UM-23,Streetwear,Balanced,L,pink,10896.09205,9394.610568
419,SaigonFlex UM-24,Streetwear,Balanced,XL,yellow,18774.5854,12475.712
420,SaigonFlex UM-25,Streetwear,Balanced,S,red,14672.77456,13939.13583
421,SaigonFlex UM-26,Streetwear,Balanced,M,black,21110.51634,17857.38577
422,SaigonFlex UM-27,Streetwear,Balanced,L,orange,10127.63236,5669.448593
423,SaigonFlex UM-28,Streetwear,Balanced,XL,blue,12518.47569,11892.5519
424,SaigonFlex UM-29,Streetwear,Balanced,S,white,20475.45155,12027.28024
425,SaigonFlex UM-30,Streetwear,Balanced,M,purple,12149.68175,11542.19766
426,SaigonFlex UM-31,Streetwear,Balanced,L,green,11422.28051,9893.979379
427,SaigonFlex UM-32,Streetwear,Balanced,XL,silver,12186.98301,8692.974981
428,SaigonFlex UM-33,Streetwear,Balanced,S,pink,14291.702,13021.1697
429,SaigonFlex UM-34,Streetwear,Balanced,M,yellow,22679.37,16660.2652
430,SaigonFlex UM-35,Streetwear,Balanced,L,red,11001.0495,10450.99703
431,SaigonFlex UM-36,Streetwear,Balanced,XL,black,12437.64835,9655.346415
432,SaigonFlex UM-37,Streetwear,Balanced,S,orange,11109.20318,10553.74302
433,SaigonFlex UM-38,Streetwear,Balanced,M,blue,11459.31332,6543.267905
434,SaigonFlex UM-39,Streetwear,Balanced,L,white,61.55762709,36.90682187
435,SaigonFlex UM-40,Streetwear,Balanced,XL,purple,20162.55805,19154.43015
436,SaigonFlex UM-41,Streetwear,Balanced,S,green,22367.91951,16637.25853
437,SaigonFlex UM-42,Streetwear,Balanced,M,silver,9651.796875,9169.207031
438,SaigonFlex UM-43,Streetwear,Balanced,L,pink,11718.53119,6680.734632
439,SaigonFlex UM-44,Streetwear,Balanced,XL,yellow,12969.81,12321.3195
440,SaigonFlex UM-45,Streetwear,Balanced,S,red,19538.72371,12420.76666
441,SaigonFlex UM-46,Streetwear,Balanced,M,black,24.20837586,14.98111712
442,SaigonFlex UM-47,Streetwear,Balanced,L,orange,9240.095455,8778.090682
443,SaigonFlex UM-48,Streetwear,Balanced,XL,blue,10801.31477,6176.191787
444,SaigonFlex UM-49,Streetwear,Balanced,S,white,13238.5575,12576.62963
445,SaigonFlex UM-50,Streetwear,Balanced,M,purple,10819.7898,7440.769444
446,SaigonFlex UM-51,Streetwear,Balanced,L,green,29.11272586,17.27790014
447,SaigonFlex UM-52,Streetwear,Balanced,XL,silver,18516.81587,14254.24485
448,SaigonFlex UM-53,Streetwear,Balanced,S,pink,45.85145293,26.34808823
449,SaigonFlex UM-54,Streetwear,Balanced,M,yellow,12600.87163,11279.0402
450,SaigonFlex UM-55,Streetwear,Balanced,L,red,20605.78406,17102.80077
451,SaigonFlex UM-56,Streetwear,Balanced,XL,black,11090.66634,8601.920813
452,SaigonFlex UM-57,Streetwear,Balanced,S,orange,13107.43452,7168.455937
453,SaigonFlex UM-58,Streetwear,Balanced,M,blue,20.239867,12.78977905
454,SaigonFlex UM-59,Streetwear,Balanced,L,white,36.26974686,22.84782193
455,SaigonFlex UM-60,Streetwear,Balanced,XL,purple,11674.47065,8494.344847
456,SaigonFlex UM-61,Streetwear,Balanced,S,green,14175.2847,10311.10209
457,SaigonFlex UM-62,Streetwear,Balanced,M,silver,11969.92022,6455.377974
458,SaigonFlex UM-63,Streetwear,Balanced,L,pink,21423.24692,16733.69817
459,SaigonFlex UM-64,Streetwear,Balanced,XL,yellow,12111.79118,8626.017676
460,SaigonFlex UM-65,Streetwear,Balanced,S,red,10932.55136,9115.561323
461,SaigonFlex UM-66,Streetwear,Balanced,M,black,13863.65049,13170.46796
462,SaigonFlex UM-67,Streetwear,Balanced,L,orange,24321.97976,20085.09088
463,SaigonFlex UM-68,Streetwear,Balanced,XL,blue,55.86047711,34.60387004
464,SaigonFlex UM-69,Streetwear,Balanced,S,white,7809.460209,4229.603649
465,SaigonFlex UM-70,Streetwear,Balanced,M,purple,14179.44418,13470.47197
466,SaigonFlex UM-71,Streetwear,Balanced,L,green,11204.62132,8977.142602
467,SaigonFlex UM-72,Streetwear,Balanced,XL,silver,11081.16763,6350.617168
468,SaigonFlex UM-73,Streetwear,Balanced,S,pink,17.4093376,10.04892234
469,SaigonFlex UM-74,Streetwear,Balanced,M,yellow,35.65372193,21.71393907
470,SaigonFlex UM-75,Streetwear,Balanced,L,red,12524.87369,7330.808573
471,SaigonFlex UM-76,Streetwear,Balanced,XL,black,11232.97641,10671.32759
472,SaigonFlex UM-77,Streetwear,Balanced,S,orange,11541.57974,10964.50076
473,SaigonFlex UM-78,Streetwear,Balanced,M,blue,18458.3,13679.44613
474,SaigonFlex UM-79,Streetwear,Balanced,L,white,36.74319791,21.53509239
475,SaigonFlex UM-80,Streetwear,Balanced,XL,purple,12606.22852,10040.86102
476,SaigonFlex UM-81,Streetwear,Balanced,S,green,23472.73047,14022.60918
477,SaigonFlex UM-82,Streetwear,Balanced,M,silver,16438.62818,10491.13251
478,SaigonFlex UM-83,Streetwear,Balanced,L,pink,17103.87,10599.26824
479,SaigonFlex UM-84,Streetwear,Balanced,XL,yellow,11566.74919,8072.434262
480,SaigonFlex UM-85,Streetwear,Balanced,S,red,45.27382943,25.3152333
481,SaigonFlex UM-86,Streetwear,Balanced,M,black,9576.343636,9097.526455
482,SaigonFlex UM-87,Streetwear,Balanced,L,orange,7907.13,6264.028386
483,SaigonFlex UM-88,Streetwear,Balanced,XL,blue,19535.01179,18558.2612
484,SaigonFlex UM-89,Streetwear,Balanced,S,white,15627.15,11739.11508
485,SaigonFlex UM-90,Streetwear,Balanced,M,purple,10231.44231,9719.870192
486,SaigonFlex UM-91,Streetwear,Balanced,L,green,11767.71783,6218.062104
487,SaigonFlex UM-92,Streetwear,Balanced,XL,silver,13019.79912,11027.76986
488,SaigonFlex UM-93,Streetwear,Balanced,S,pink,12855.29485,8786.594027
489,SaigonFlex UM-94,Streetwear,Balanced,M,yellow,10349.29043,7115.137171
490,SaigonFlex UM-95,Streetwear,Balanced,L,red,9468.391211,5174.475797
491,SaigonFlex UM-96,Streetwear,Balanced,XL,black,11060.08054,10507.07652
492,SaigonFlex UM-97,Streetwear,Balanced,S,orange,11054.69363,9357.798156
493,SaigonFlex UM-98,Streetwear,Balanced,M,blue,11636.1,11054.295
494,SaigonFlex UM-99,Streetwear,Balanced,L,white,19351.38639,13062.18582
495,SaigonFlex UM-00,Streetwear,Balanced,XL,purple,8656.966557,6242.538585
496,SaigonFlex UM-01,Streetwear,Balanced,S,green,11338.43398,10771.51228
497,SaigonFlex UM-02,Streetwear,Balanced,M,silver,17957.93108,17060.03453
498,SaigonFlex UM-03,Streetwear,Balanced,L,pink,17636.85,15859.05552
499,SaigonFlex UM-04,Streetwear,Balanced,XL,yellow,11293.2136,6445.037001
500,SaigonFlex UM-05,Streetwear,Balanced,S,red,10989.30695,8723.31186
501,SaigonFlex UM-06,Streetwear,Balanced,M,black,13211.57028,7279.575225
502,SaigonFlex UM-07,Streetwear,Balanced,L,orange,13275.29737,10121.08671
503,SaigonFlex UM-08,Streetwear,Balanced,XL,blue,21108.80455,18867.0495
504,SaigonFlex UM-09,Streetwear,Balanced,S,white,22059.31154,14451.05499
505,SaigonFlex UM-10,Streetwear,Balanced,M,purple,23693.5769,17609.06635
506,SaigonFlex UM-11,Streetwear,Balanced,L,green,15456.90975,14463.03046
507,SaigonFlex UM-12,Streetwear,Balanced,XL,silver,24574.29188,23345.57728
508,SaigonFlex UM-13,Streetwear,Balanced,S,pink,11576.45455,7095.208991
509,SaigonFlex UM-14,Streetwear,Balanced,M,yellow,20.19065181,12.9569744
510,SaigonFlex UM-15,Streetwear,Balanced,L,red,11057.58905,10398.55674
511,SaigonFlex UM-16,Streetwear,Balanced,XL,black,20805.12,13741.78176
74,DragonWear UM-01,Streetwear,Balanced,L,white,13273.37705,8752.464826
75,DragonWear UM-02,Streetwear,Balanced,XL,purple,19.52737554,11.00722742
76,DragonWear UM-03,Streetwear,Balanced,S,green,10388.7,9422.5509
77,DragonWear UM-04,Streetwear,Balanced,M,silver,40.80385761,26.31945665
78,DragonWear UM-05,Streetwear,Balanced,L,pink,37.29256098,22.17417829
79,DragonWear UM-06,Streetwear,Balanced,XL,yellow,36.60545014,20.81068499
80,DragonWear UM-07,Streetwear,Balanced,S,red,38.03775746,22.98203628
81,DragonWear UM-08,Streetwear,Balanced,M,black,25.2288987,16.07824049
82,DragonWear UM-09,Streetwear,Balanced,L,orange,36.339361,22.647507
83,DragonWear UM-10,Streetwear,Balanced,XL,blue,37.23424824,23.48200633
84,DragonWear UM-11,Streetwear,Balanced,S,white,24.88485618,15.32604383
85,DragonWear UM-12,Streetwear,Balanced,M,purple,69.84718641,43.25130955
86,DragonWear UM-13,Streetwear,Balanced,L,green,14175.0,13466.25
87,DragonWear UM-14,Streetwear,Balanced,XL,silver,40.02615712,25.41339027
88,DragonWear UM-15,Streetwear,Balanced,S,pink,10710.0,5994.387
89,DragonWear UM-16,Streetwear,Balanced,M,yellow,10073.7,6682.89258
90,DragonWear UM-17,Streetwear,Balanced,L,red,20.56269684,11.82286802
91,DragonWear UM-18,Streetwear,Balanced,XL,black,43.06116055,25.79115899
92,DragonWear UM-19,Streetwear,Balanced,S,orange,11626.60104,9137.345754
93,DragonWear UM-20,Streetwear,Balanced,M,blue,12532.03182,7611.956126
94,DragonWear UM-21,Streetwear,Balanced,L,white,10703.7,9943.7373
95,DragonWear UM-22,Streetwear,Balanced,XL,purple,22.4238995,12.82918255
96,DragonWear UM-23,Streetwear,Balanced,S,green,45.36921728,29.43404195
97,DragonWear UM-24,Streetwear,Balanced,M,silver,7609.360194,3939.365773
98,DragonWear UM-25,Streetwear,Balanced,L,pink,52.6379968,33.92023749
99,DragonWear UM-26,Streetwear,Balanced,XL,yellow,9443.7,8971.515
100,DragonWear UM-27,Streetwear,Balanced,S,red,12474.0,7666.5204
101,DragonWear UM-28,Streetwear,Balanced,M,black,23.84863714,13.210778
102,DragonWear UM-29,Streetwear,Balanced,L,orange,48.68400086,30.2112227
103,DragonWear UM-30,Streetwear,Balanced,XL,blue,10425.17709,7115.183365
104,DragonWear UM-31,Streetwear,Balanced,S,white,39.06052518,25.09735737
105,DragonWear UM-32,Streetwear,Balanced,M,purple,46.00840347,26.13542024
106,DragonWear UM-33,Streetwear,Balanced,L,green,11626.29032,11044.9758
107,DragonWear UM-34,Streetwear,Balanced,XL,silver,6788.185932,4684.527112
108,DragonWear UM-35,Streetwear,Balanced,S,pink,11844.0,9063.0288
109,DragonWear UM-36,Streetwear,Balanced,M,yellow,14767.07701,14028.72316
110,DragonWear UM-37,Streetwear,Balanced,L,red,70.71920615,42.91202697
111,DragonWear UM-38,Streetwear,Balanced,XL,black,9513.0,9037.35
112,DragonWear UM-39,Streetwear,Balanced,S,orange,30.01942745,19.25892855
113,DragonWear UM-40,Streetwear,Balanced,M,blue,24.49589455,13.55589572
114,DragonWear UM-41,Streetwear,Balanced,L,white,10640.7,5747.04207
115,DragonWear UM-42,Streetwear,Balanced,XL,purple,10818.74521,9215.407168
116,DragonWear UM-43,Streetwear,Balanced,S,green,23.20097325,14.37861818
117,DragonWear UM-44,Streetwear,Balanced,M,silver,23.895159,13.85285763
118,DragonWear UM-45,Streetwear,Balanced,L,pink,18868.5,10428.61995
119,DragonWear UM-46,Streetwear,Balanced,XL,yellow,32.10973696,20.6285672
120,DragonWear UM-47,Streetwear,Balanced,S,red,37.95726,24.56236403
121,DragonWear UM-48,Streetwear,Balanced,M,black,36.99106214,23.83802622
122,DragonWear UM-49,Streetwear,Balanced,L,orange,46.1027822,27.54278969
123,DragonWear UM-50,Streetwear,Balanced,XL,blue,33.288126,21.17804774
124,DragonWear UM-51,Streetwear,Balanced,S,white,59.22913884,37.57821972
125,DragonWear UM-52,Streetwear,Balanced,M,purple,6671.7,6338.115
126,DragonWear UM-53,Streetwear,Balanced,L,green,29.78894247,17.33448492
127,DragonWear UM-54,Streetwear,Balanced,XL,silver,98.30428985,62.21595412
128,DragonWear UM-55,Streetwear,Balanced,S,pink,42.53243405,23.55024121
129,DragonWear UM-56,Streetwear,Balanced,M,yellow,23.50320929,14.32819069
199,IndigoViet UM-01,Streetwear,Balanced,XL,yellow,15105.67435,11904.78195
200,IndigoViet UM-02,Streetwear,Balanced,S,red,14491.70824,8826.899486
201,IndigoViet UM-03,Streetwear,Balanced,M,black,18386.83452,15661.90564
202,IndigoViet UM-04,Streetwear,Balanced,L,orange,16231.71508,15420.12933
203,IndigoViet UM-05,Streetwear,Balanced,XL,blue,12468.70333,11003.63069
204,IndigoViet UM-06,Streetwear,Balanced,S,white,10730.28507,6927.472043
205,IndigoViet UM-07,Streetwear,Balanced,M,purple,12837.05182,7742.025952
206,IndigoViet UM-08,Streetwear,Balanced,L,green,10546.53264,5820.631364
207,IndigoViet UM-09,Streetwear,Balanced,XL,silver,11575.16155,8926.764587
208,IndigoViet UM-10,Streetwear,Balanced,S,pink,17521.53667,9855.864375
209,IndigoViet UM-11,Streetwear,Balanced,M,yellow,19214.37,13083.06453
210,IndigoViet UM-12,Streetwear,Balanced,L,red,15511.57082,10377.24088
223,LotusWear UM-01,Streetwear,Balanced,XL,blue,10136.85,5587.43172
224,LotusWear UM-02,Streetwear,Balanced,S,white,7682.090964,5061.729736
225,LotusWear UM-03,Streetwear,Balanced,M,purple,9131.85,5558.557095
226,LotusWear UM-04,Streetwear,Balanced,L,green,8879.85,8435.8575
227,LotusWear UM-05,Streetwear,Balanced,XL,silver,9546.096575,5405.954491
228,LotusWear UM-06,Streetwear,Balanced,S,pink,7714.35,4099.40559
817,HanoiStreet UM-01,Streetwear,Balanced,M,silver,4913.37,3947.892795
818,HanoiStreet UM-02,Streetwear,Balanced,L,pink,21.57732513,12.36382637
819,HanoiStreet UM-03,Streetwear,Balanced,XL,yellow,14579.50154,12477.13742
820,HanoiStreet UM-04,Streetwear,Balanced,S,red,12599.37,11653.15731
821,HanoiStreet UM-05,Streetwear,Balanced,M,black,40.1647187,22.57484879
822,HanoiStreet UM-06,Streetwear,Balanced,L,orange,4674.729036,4440.992584
823,HanoiStreet UM-07,Streetwear,Balanced,XL,blue,7496.37,7121.5515
824,HanoiStreet UM-08,Streetwear,Balanced,S,white,5543.37,4445.228403
825,HanoiStreet UM-09,Streetwear,Balanced,M,purple,30.28385965,16.8891668
826,HanoiStreet UM-10,Streetwear,Balanced,L,green,12730.40543,12093.88516
827,HanoiStreet UM-11,Streetwear,Balanced,XL,silver,7496.37,6075.807885
828,HanoiStreet UM-12,Streetwear,Balanced,S,pink,10146.73689,8943.333899
829,HanoiStreet UM-13,Streetwear,Balanced,M,yellow,3815.561489,2691.115518
830,HanoiStreet UM-14,Streetwear,Balanced,L,red,44.0621086,27.30215489
831,HanoiStreet UM-15,Streetwear,Balanced,XL,black,40.01662728,23.36920998
832,HanoiStreet UM-16,Streetwear,Balanced,S,orange,32.16466324,20.02175269
833,HanoiStreet UM-17,Streetwear,Balanced,M,blue,23.60084491,13.13471119
834,HanoiStreet UM-18,Streetwear,Balanced,L,white,13229.37,10026.53952
835,HanoiStreet UM-19,Streetwear,Balanced,XL,purple,6299.37,5984.4015
836,HanoiStreet UM-20,Streetwear,Balanced,S,green,10079.37,9571.369752
837,HanoiStreet UM-21,Streetwear,Balanced,M,silver,10059.6825,9556.698375
838,HanoiStreet UM-22,Streetwear,Balanced,L,pink,10919.37,10373.4015
839,HanoiStreet UM-23,Streetwear,Balanced,XL,yellow,9597.8685,7830.900909
840,HanoiStreet UM-24,Streetwear,Balanced,S,red,11024.37,9145.817352
841,HanoiStreet UM-25,Streetwear,Balanced,M,black,18.06653099,10.50621231
842,HanoiStreet UM-26,Streetwear,Balanced,L,orange,9071.37,6994.933407
843,HanoiStreet UM-27,Streetwear,Balanced,XL,blue,6299.37,5984.4015
844,HanoiStreet UM-28,Streetwear,Balanced,S,white,27.69893651,16.72874858
845,HanoiStreet UM-29,Streetwear,Balanced,M,purple,46.64470974,29.34289561
846,HanoiStreet UM-30,Streetwear,Balanced,L,green,6985.37,6636.1015
847,HanoiStreet UM-31,Streetwear,Balanced,XL,silver,6929.37,5692.477455
848,HanoiStreet UM-32,Streetwear,Balanced,S,pink,36.07634898,20.99193459
849,HanoiStreet UM-33,Streetwear,Balanced,M,yellow,4137.985385,3139.075713
850,HanoiStreet UM-34,Streetwear,Balanced,L,red,20.11980168,12.32517196
851,HanoiStreet UM-35,Streetwear,Balanced,XL,black,35.49075962,22.66432012
852,HanoiStreet UM-36,Streetwear,Balanced,S,orange,9109.17,8653.7115
853,HanoiStreet UM-37,Streetwear,Balanced,M,blue,5165.37,4329.613134
854,HanoiStreet UM-38,Streetwear,Balanced,L,white,8770.989617,8332.440136
1027,MekongStyle UM-01,Streetwear,Balanced,XL,silver,14736.28406,13999.46986
1028,MekongStyle UM-02,Streetwear,Balanced,S,pink,13423.97733,12210.44978
1124,MekongFit UM-01,Streetwear,Balanced,S,white,8199.463653,7789.490471
1125,MekongFit UM-02,Streetwear,Balanced,M,purple,11760.3675,9002.561321
1126,MekongFit UM-03,Streetwear,Balanced,L,green,8742.781765,6289.557202
1127,MekongFit UM-04,Streetwear,Balanced,XL,silver,9359.509535,8891.534058
1128,MekongFit UM-05,Streetwear,Balanced,S,pink,11024.37,6125.139972
1129,MekongFit UM-06,Streetwear,Balanced,M,yellow,5529.824603,3583.326343
1130,MekongFit UM-07,Streetwear,Balanced,L,red,11780.37,10067.5042
1131,MekongFit UM-08,Streetwear,Balanced,XL,black,5230.899637,3135.924332
1132,MekongFit UM-09,Streetwear,Balanced,S,orange,7701.12,4741.579584
1133,MekongFit UM-10,Streetwear,Balanced,M,blue,7748.37,4407.272856
1134,MekongFit UM-11,Streetwear,Balanced,L,white,11011.57029,8816.96433
1135,MekongFit UM-12,Streetwear,Balanced,XL,purple,11528.37,10951.9515
1136,MekongFit UM-13,Streetwear,Balanced,S,green,9134.37,8677.6515
1137,MekongFit UM-14,Streetwear,Balanced,M,silver,9511.973358,5349.533816
1138,MekongFit UM-15,Streetwear,Balanced,L,pink,2691.99,1457.981784
1139,MekongFit UM-16,Streetwear,Balanced,XL,yellow,8189.176154,6091.928141
1140,MekongFit UM-17,Streetwear,Balanced,S,red,9570.261892,5120.090112
1141,MekongFit UM-18,Streetwear,Balanced,M,black,10507.84826,9982.455848
1142,MekongFit UM-19,Streetwear,Balanced,L,orange,8326.334088,7398.780471
1143,MekongFit UM-20,Streetwear,Balanced,XL,blue,6625.844227,6294.552015
1749,SaigonCore UM-01,Streetwear,Balanced,M,yellow,7101.188182,6343.491403
1750,SaigonCore UM-02,Streetwear,Balanced,L,red,4962.51,2940.287175
1751,SaigonCore UM-03,Streetwear,Balanced,XL,black,8189.37,6178.060728
1752,SaigonCore UM-04,Streetwear,Balanced,S,orange,9766.063636,9277.760455
1753,SaigonCore UM-05,Streetwear,Balanced,M,blue,11333.7,6682.34952
1754,SaigonCore UM-06,Streetwear,Balanced,L,white,38.63377724,23.6278896
1863,BambooCraft UM-01,Streetwear,Balanced,XL,blue,10115.09917,6342.167178
1864,BambooCraft UM-02,Streetwear,Balanced,S,white,11978.28509,7438.515044
1865,BambooCraft UM-03,Streetwear,Balanced,M,purple,23.25353179,13.33115554
1866,BambooCraft UM-04,Streetwear,Balanced,L,green,13638.14586,9430.777864
1867,BambooCraft UM-05,Streetwear,Balanced,XL,silver,11388.24931,5870.642519
1868,BambooCraft UM-06,Streetwear,Balanced,S,pink,14247.51249,13535.13687
1869,BambooCraft UM-07,Streetwear,Balanced,M,yellow,11339.37,7381.92987
1870,BambooCraft UM-08,Streetwear,Balanced,L,red,10134.1077,9627.40232
1871,BambooCraft UM-09,Streetwear,Balanced,XL,black,12087.15261,7307.892467
1872,BambooCraft UM-10,Streetwear,Balanced,S,orange,15214.60256,10097.93172
1873,BambooCraft UM-11,Streetwear,Balanced,M,blue,9675.597273,9191.817409
1874,BambooCraft UM-12,Streetwear,Balanced,L,white,10118.745,9612.80775
1875,BambooCraft UM-13,Streetwear,Balanced,XL,purple,13973.85094,11114.80103
1876,BambooCraft UM-14,Streetwear,Balanced,S,green,17668.00636,16784.60605
1877,BambooCraft UM-15,Streetwear,Balanced,M,silver,35.21563085,19.45452586
1878,BambooCraft UM-16,Streetwear,Balanced,L,pink,9708.284634,7207.430512
1879,BambooCraft UM-17,Streetwear,Balanced,XL,yellow,12504.49162,11879.26704
1880,BambooCraft UM-18,Streetwear,Balanced,S,red,11356.87,6008.919917
1881,BambooCraft UM-19,Streetwear,Balanced,M,black,11652.15169,7134.61248
1994,UrbanVN UM-01,Streetwear,Balanced,L,white,7359.568083,5306.248588
1995,UrbanVN UM-02,Streetwear,Balanced,XL,purple,5159.312851,3025.421056
1996,UrbanVN UM-03,Streetwear,Balanced,S,green,33.89554153,21.59179509
1997,UrbanVN UM-04,Streetwear,Balanced,M,silver,9479.086981,7933.047895
2110,PhoenixWear UM-01,Streetwear,Balanced,L,red,10835.37,10293.6015
2111,PhoenixWear UM-02,Streetwear,Balanced,XL,black,6929.37,5689.01277
2112,PhoenixWear UM-03,Streetwear,Balanced,S,orange,6863.706,6505.420547
2113,PhoenixWear UM-04,Streetwear,Balanced,M,blue,20.96410901,11.57484938
2114,PhoenixWear UM-05,Streetwear,Balanced,L,white,10851.12,5601.348144
2115,PhoenixWear UM-06,Streetwear,Balanced,XL,purple,7572.404483,5696.719892
2116,PhoenixWear UM-07,Streetwear,Balanced,S,green,6892.438966,6547.817017
2117,PhoenixWear UM-08,Streetwear,Balanced,M,silver,8322.37,7906.2515
2118,PhoenixWear UM-09,Streetwear,Balanced,L,pink,38.21067566,24.35816581
2119,PhoenixWear UM-10,Streetwear,Balanced,XL,yellow,8315.37,7063.906815
2120,PhoenixWear UM-11,Streetwear,Balanced,S,red,6667.367226,3474.365061
2121,PhoenixWear UM-12,Streetwear,Balanced,M,black,7559.25,6029.2578
2122,PhoenixWear UM-13,Streetwear,Balanced,L,orange,12072.08739,9086.660179
2123,PhoenixWear UM-14,Streetwear,Balanced,XL,blue,7489.429322,5615.574106
2124,PhoenixWear UM-15,Streetwear,Balanced,S,white,10854.3563,6990.205458
2286,VietMotion UM-01,Streetwear,Balanced,L,green,8937.973132,8294.439066
2287,VietMotion UM-02,Streetwear,Balanced,XL,silver,10079.37,7890.130836
2288,VietMotion UM-03,Streetwear,Balanced,S,pink,41.44278538,24.98559477
2289,VietMotion UM-04,Streetwear,Balanced,M,yellow,11018.7,9739.42893
2290,VietMotion UM-05,Streetwear,Balanced,L,red,9669.87,7081.245801
2291,VietMotion UM-06,Streetwear,Balanced,XL,black,11018.7,7937.87148
2292,VietMotion UM-07,Streetwear,Balanced,S,orange,8635.53871,6930.883368
2293,VietMotion UM-08,Streetwear,Balanced,M,blue,9638.37,9156.4515
2294,VietMotion UM-09,Streetwear,Balanced,L,white,51.07118773,32.88508352
2295,VietMotion UM-10,Streetwear,Balanced,XL,purple,10934.4537,10387.73101
2296,VietMotion UM-11,Streetwear,Balanced,S,green,10640.7,8784.96192
2297,VietMotion UM-12,Streetwear,Balanced,M,silver,50.47715314,31.7944646
130,DragonWear UR-01,Streetwear,Standard,L,red,19.08556429,12.40167392
131,DragonWear UR-02,Streetwear,Standard,XL,black,22.75693614,13.31442751
132,DragonWear UR-03,Streetwear,Standard,S,orange,9387.0,7485.1938
133,DragonWear UR-04,Streetwear,Standard,M,blue,8820.985714,7253.496553
134,DragonWear UR-05,Streetwear,Standard,L,white,40.69129172,25.50199869
135,DragonWear UR-06,Streetwear,Standard,XL,purple,40.67096228,24.00372096
136,DragonWear UR-07,Streetwear,Standard,S,green,5005.35,4469.77755
137,DragonWear UR-08,Streetwear,Standard,M,silver,40.69149386,24.33300721
138,DragonWear UR-09,Streetwear,Standard,L,pink,154.6388806,94.75505858
139,DragonWear UR-10,Streetwear,Standard,XL,yellow,41.6106525,26.52128636
140,DragonWear UR-11,Streetwear,Standard,S,red,52.15532346,33.81794707
141,DragonWear UR-12,Streetwear,Standard,M,black,8183.7,7774.515
142,DragonWear UR-13,Streetwear,Standard,L,orange,48.50179004,30.40224811
143,DragonWear UR-14,Streetwear,Standard,XL,blue,5549.752174,3170.018442
144,DragonWear UR-15,Streetwear,Standard,S,white,5789.7,5500.215
145,DragonWear UR-16,Streetwear,Standard,M,purple,42.97233345,25.43002475
146,DragonWear UR-17,Streetwear,Standard,L,green,29.19193003,17.28558393
147,DragonWear UR-18,Streetwear,Standard,XL,silver,44.86184644,27.98294593
148,DragonWear UR-19,Streetwear,Standard,S,pink,8284.5,7108.101
149,DragonWear UR-20,Streetwear,Standard,M,yellow,24.30956548,13.95071788
150,DragonWear UR-21,Streetwear,Standard,L,red,6524.253191,4447.583401
151,DragonWear UR-22,Streetwear,Standard,XL,black,30.12250471,16.90015329
152,DragonWear UR-23,Streetwear,Standard,S,orange,27.27183762,15.96663048
153,DragonWear UR-24,Streetwear,Standard,M,blue,34.2179259,19.8027315
154,DragonWear UR-25,Streetwear,Standard,L,white,83.58494555,48.44840986
155,DragonWear UR-26,Streetwear,Standard,XL,purple,6032.25,5730.6375
156,DragonWear UR-27,Streetwear,Standard,S,green,15.69110393,8.99666351
157,DragonWear UR-28,Streetwear,Standard,M,silver,43.57589263,24.15016578
158,DragonWear UR-29,Streetwear,Standard,L,pink,17.37293702,9.586167633
159,DragonWear UR-30,Streetwear,Standard,XL,yellow,27.4187546,17.78852681
160,DragonWear UR-31,Streetwear,Standard,S,red,8757.0,8319.15
161,DragonWear UR-32,Streetwear,Standard,M,black,51.19184483,30.34536425
162,DragonWear UR-33,Streetwear,Standard,L,orange,33.97795757,19.99374012
163,DragonWear UR-34,Streetwear,Standard,XL,blue,6636.2625,4713.737254
164,DragonWear UR-35,Streetwear,Standard,S,white,6815.393617,3720.523376
165,DragonWear UR-36,Streetwear,Standard,M,purple,8309.284615,7893.820385
166,DragonWear UR-37,Streetwear,Standard,L,green,21.51826456,13.29752851
167,DragonWear UR-38,Streetwear,Standard,XL,silver,24.87537893,14.22437323
168,DragonWear UR-39,Streetwear,Standard,S,pink,43.4599185,28.03147874
169,DragonWear UR-40,Streetwear,Standard,M,yellow,24.72595118,15.543586
170,DragonWear UR-41,Streetwear,Standard,L,red,8793.624627,5372.025285
171,DragonWear UR-42,Streetwear,Standard,XL,black,36.11049112,20.18363764
172,DragonWear UR-43,Streetwear,Standard,S,orange,33.72464029,19.9568283
229,LotusWear UR-01,Streetwear,Standard,M,yellow,6513.15,4765.02054
230,LotusWear UR-02,Streetwear,Standard,L,red,8186.85,7777.5075
231,LotusWear UR-03,Streetwear,Standard,XL,black,8690.85,8180.697105
232,LotusWear UR-04,Streetwear,Standard,S,orange,25.51738185,16.27783977
233,LotusWear UR-05,Streetwear,Standard,M,blue,4721.85,4485.7575
234,LotusWear UR-06,Streetwear,Standard,L,white,5204.85,3942.15339
235,LotusWear UR-07,Streetwear,Standard,XL,purple,6296.85,3378.260025
236,LotusWear UR-08,Streetwear,Standard,S,green,6434.257407,5945.253844
237,LotusWear UR-09,Streetwear,Standard,M,silver,6401.85,3225.892215
238,LotusWear UR-10,Streetwear,Standard,L,pink,4412.916667,2846.33125
239,LotusWear UR-11,Streetwear,Standard,XL,yellow,4799.280168,4433.575019
240,LotusWear UR-12,Streetwear,Standard,S,red,5537.754,5115.22337
241,LotusWear UR-13,Streetwear,Standard,M,black,5036.85,3089.60379
242,LotusWear UR-14,Streetwear,Standard,L,orange,5564.335207,3416.501817
243,LotusWear UR-15,Streetwear,Standard,XL,blue,7241.85,6524.90685
244,LotusWear UR-16,Streetwear,Standard,S,white,7556.85,7036.183035
245,LotusWear UR-17,Streetwear,Standard,M,purple,78.06779655,50.31260283
246,LotusWear UR-18,Streetwear,Standard,L,green,8877.426923,4855.952527
247,LotusWear UR-19,Streetwear,Standard,XL,silver,4921.967647,4675.869265
248,LotusWear UR-20,Streetwear,Standard,S,pink,6826.622727,5780.784125
249,LotusWear UR-21,Streetwear,Standard,M,yellow,5036.85,3544.431345
250,LotusWear UR-22,Streetwear,Standard,L,red,7556.85,6491.33415
251,LotusWear UR-23,Streetwear,Standard,XL,black,6941.388462,5643.348819
252,LotusWear UR-24,Streetwear,Standard,S,orange,7556.85,4964.094765
253,LotusWear UR-25,Streetwear,Standard,M,blue,8816.85,5025.6045
254,LotusWear UR-26,Streetwear,Standard,L,white,10076.85,8442.38493
255,LotusWear UR-27,Streetwear,Standard,XL,purple,42.67305151,25.46472321
256,LotusWear UR-28,Streetwear,Standard,S,green,5414.85,5144.1075
257,LotusWear UR-29,Streetwear,Standard,M,silver,7052.85,5494.17015
258,LotusWear UR-30,Streetwear,Standard,L,pink,8186.85,7777.5075
259,LotusWear UR-31,Streetwear,Standard,XL,yellow,7345.982231,5610.12663
260,LotusWear UR-32,Streetwear,Standard,S,red,7624.958108,4062.57768
261,LotusWear UR-33,Streetwear,Standard,M,black,9446.85,5966.63046
262,LotusWear UR-34,Streetwear,Standard,L,orange,4721.85,4485.7575
263,LotusWear UR-35,Streetwear,Standard,XL,blue,6926.85,5641.919325
264,LotusWear UR-36,Streetwear,Standard,S,white,8501.85,4445.617365
265,LotusWear UR-37,Streetwear,Standard,M,purple,7871.85,5976.30852
266,LotusWear UR-38,Streetwear,Standard,L,green,8501.85,4850.305425
267,LotusWear UR-39,Streetwear,Standard,XL,silver,4178.04403,3405.105884
268,LotusWear UR-40,Streetwear,Standard,S,pink,6170.85,3552.558345
269,LotusWear UR-41,Streetwear,Standard,M,yellow,5414.85,3976.66584
270,LotusWear UR-42,Streetwear,Standard,L,red,5477.85,4012.525125
271,LotusWear UR-43,Streetwear,Standard,XL,black,6296.85,5982.0075
272,LotusWear UR-44,Streetwear,Standard,S,orange,7556.85,5834.643885
273,LotusWear UR-45,Streetwear,Standard,M,blue,5173.35,3073.487235
274,LotusWear UR-46,Streetwear,Standard,L,white,7241.85,5346.657855
275,LotusWear UR-47,Streetwear,Standard,XL,purple,9446.85,7969.36266
276,LotusWear UR-48,Streetwear,Standard,S,green,5749.060762,3331.580712
277,LotusWear UR-49,Streetwear,Standard,M,silver,8678.25,6332.519025
278,LotusWear UR-50,Streetwear,Standard,L,pink,4721.85,3265.159275
279,LotusWear UR-51,Streetwear,Standard,XL,yellow,8186.85,6045.988725
512,SaigonFlex UR-01,Streetwear,Standard,S,orange,2895.329459,2518.936629
855,HanoiStreet UR-01,Streetwear,Standard,XL,purple,14.73083573,9.005565891
856,HanoiStreet UR-02,Streetwear,Standard,S,green,35.6796938,20.2198036
857,HanoiStreet UR-03,Streetwear,Standard,M,silver,25.41362415,16.49641198
858,HanoiStreet UR-04,Streetwear,Standard,L,pink,46.57078131,26.69284293
859,HanoiStreet UR-05,Streetwear,Standard,XL,yellow,24.11880206,15.53909724
860,HanoiStreet UR-06,Streetwear,Standard,S,red,7496.37,4533.054939
861,HanoiStreet UR-07,Streetwear,Standard,M,black,31.62998058,19.45132041
862,HanoiStreet UR-08,Streetwear,Standard,L,orange,2246.328984,1699.797142
863,HanoiStreet UR-09,Streetwear,Standard,XL,blue,3653.37,3470.7015
864,HanoiStreet UR-10,Streetwear,Standard,S,white,40.52807369,24.75348069
865,HanoiStreet UR-11,Streetwear,Standard,M,purple,46.81960744,28.15117158
866,HanoiStreet UR-12,Streetwear,Standard,L,green,20.48886232,11.74149048
867,HanoiStreet UR-13,Streetwear,Standard,XL,silver,28.96822402,16.44389357
868,HanoiStreet UR-14,Streetwear,Standard,S,pink,27.38572454,15.66596596
869,HanoiStreet UR-15,Streetwear,Standard,M,yellow,25.4997413,14.50027046
870,HanoiStreet UR-16,Streetwear,Standard,L,red,67.09984246,42.13591289
871,HanoiStreet UR-17,Streetwear,Standard,XL,black,38.93885847,22.77971995
872,HanoiStreet UR-18,Streetwear,Standard,S,orange,19.99828297,11.11473105
873,HanoiStreet UR-19,Streetwear,Standard,M,blue,47.8056952,30.92599485
874,HanoiStreet UR-20,Streetwear,Standard,L,white,77.39037964,49.40436132
875,HanoiStreet UR-21,Streetwear,Standard,XL,purple,6314.414776,4917.666228
876,HanoiStreet UR-22,Streetwear,Standard,S,green,6929.37,6582.9015
877,HanoiStreet UR-23,Streetwear,Standard,M,silver,50.04817814,32.16972913
878,HanoiStreet UR-24,Streetwear,Standard,L,pink,18.03387644,11.71283652
879,HanoiStreet UR-25,Streetwear,Standard,XL,yellow,27.28416155,15.48074746
880,HanoiStreet UR-26,Streetwear,Standard,S,red,54.96872899,32.41089296
881,HanoiStreet UR-27,Streetwear,Standard,M,black,567.63,338.137191
882,HanoiStreet UR-28,Streetwear,Standard,L,orange,9197.37,8737.5015
883,HanoiStreet UR-29,Streetwear,Standard,XL,blue,24.95145691,15.61521677
884,HanoiStreet UR-30,Streetwear,Standard,S,white,39.54850018,24.50433225
885,HanoiStreet UR-31,Streetwear,Standard,M,purple,45.14383029,25.52385173
886,HanoiStreet UR-32,Streetwear,Standard,L,green,22.85632333,14.4356724
887,HanoiStreet UR-33,Streetwear,Standard,XL,silver,32.33628122,18.51071202
888,HanoiStreet UR-34,Streetwear,Standard,S,pink,9.056593572,5.183828982
889,HanoiStreet UR-35,Streetwear,Standard,M,yellow,21.98246178,13.27075595
890,HanoiStreet UR-36,Streetwear,Standard,L,red,29.93333491,18.23820117
891,HanoiStreet UR-37,Streetwear,Standard,XL,black,20.10335521,12.22301328
1144,MekongFit UR-01,Streetwear,Standard,S,white,4987.521724,4154.106844
1145,MekongFit UR-02,Streetwear,Standard,M,purple,4040.82,3302.966268
1146,MekongFit UR-03,Streetwear,Standard,L,green,63.62233078,35.57434251
1147,MekongFit UR-04,Streetwear,Standard,XL,silver,18.68915574,11.91893593
1148,MekongFit UR-05,Streetwear,Standard,S,pink,3768.466154,2211.712786
1149,MekongFit UR-06,Streetwear,Standard,M,yellow,440.37,418.3515
1150,MekongFit UR-07,Streetwear,Standard,L,red,5337.0,4708.8351
1151,MekongFit UR-08,Streetwear,Standard,XL,black,27.77071936,16.01148607
1152,MekongFit UR-09,Streetwear,Standard,S,orange,34.89334875,19.64326275
1153,MekongFit UR-10,Streetwear,Standard,M,blue,4436.408627,3930.214402
1154,MekongFit UR-11,Streetwear,Standard,L,white,58.9393716,37.65487972
1155,MekongFit UR-12,Streetwear,Standard,XL,purple,5890.312703,5044.463799
1156,MekongFit UR-13,Streetwear,Standard,S,green,4125.137442,2224.274109
1157,MekongFit UR-14,Streetwear,Standard,M,silver,4556.37,2443.125594
1158,MekongFit UR-15,Streetwear,Standard,L,pink,18.64643807,12.03749058
1159,MekongFit UR-16,Streetwear,Standard,XL,yellow,52.73426852,33.55021462
1160,MekongFit UR-17,Streetwear,Standard,S,red,33.25127873,20.97994777
1161,MekongFit UR-18,Streetwear,Standard,M,black,22.36274802,13.76481254
1162,MekongFit UR-19,Streetwear,Standard,L,orange,39.8388031,24.10589154
1163,MekongFit UR-20,Streetwear,Standard,XL,blue,35.86005056,20.03496277
1164,MekongFit UR-21,Streetwear,Standard,S,white,26.04727742,15.389912
1668,VietMode UR-01,Streetwear,Standard,S,pink,5164.74,2678.950638
1669,VietMode UR-02,Streetwear,Standard,M,yellow,5227.74,4966.353
1670,VietMode UR-03,Streetwear,Standard,L,red,5353.74,4705.93746
1755,SaigonCore UR-01,Streetwear,Standard,XL,purple,6236.37,4906.775916
1756,SaigonCore UR-02,Streetwear,Standard,S,green,5663.7,5380.515
1757,SaigonCore UR-03,Streetwear,Standard,M,silver,6307.37194,3885.971852
1758,SaigonCore UR-04,Streetwear,Standard,L,pink,5789.7,5500.215
1759,SaigonCore UR-05,Streetwear,Standard,XL,yellow,5297.992683,5033.093049
1760,SaigonCore UR-06,Streetwear,Standard,S,red,8561.7,6144.73209
1761,SaigonCore UR-07,Streetwear,Standard,M,black,10076.85,8257.978575
1762,SaigonCore UR-08,Streetwear,Standard,L,orange,5510.7,5235.165
1763,SaigonCore UR-09,Streetwear,Standard,XL,blue,5743.991359,5456.791791
1764,SaigonCore UR-10,Streetwear,Standard,S,white,6828.57,5400.033156
1765,SaigonCore UR-11,Streetwear,Standard,M,purple,2235.930968,2124.134419
1998,UrbanVN UR-01,Streetwear,Standard,L,pink,34.05309193,19.99832019
1999,UrbanVN UR-02,Streetwear,Standard,XL,yellow,8126.37,5654.328246
2000,UrbanVN UR-03,Streetwear,Standard,S,red,28.38538958,16.3492855
2001,UrbanVN UR-04,Streetwear,Standard,M,black,34.65378442,21.5665059
2002,UrbanVN UR-05,Streetwear,Standard,L,orange,43.15732975,25.87659862
2003,UrbanVN UR-06,Streetwear,Standard,XL,blue,62.45252864,34.85504487
2004,UrbanVN UR-07,Streetwear,Standard,S,white,5358.403537,3888.593447
2005,UrbanVN UR-08,Streetwear,Standard,M,purple,3684.87,2645.368173
2006,UrbanVN UR-09,Streetwear,Standard,L,green,20.18366877,11.5454283
2007,UrbanVN UR-10,Streetwear,Standard,XL,silver,77.72782877,48.06112784
2008,UrbanVN UR-11,Streetwear,Standard,S,pink,15.16765015,8.457680206
2009,UrbanVN UR-12,Streetwear,Standard,M,yellow,31.16469744,19.79334419
2010,UrbanVN UR-13,Streetwear,Standard,L,red,41.90172027,25.12069527
2011,UrbanVN UR-14,Streetwear,Standard,XL,black,37.05475735,22.16091845
2012,UrbanVN UR-15,Streetwear,Standard,S,orange,4660.622964,4277.053694
2013,UrbanVN UR-16,Streetwear,Standard,M,blue,25.81408291,15.72699196
2014,UrbanVN UR-17,Streetwear,Standard,L,white,30.47025921,19.27146684
2015,UrbanVN UR-18,Streetwear,Standard,XL,purple,4382.413269,3917.00098
2016,UrbanVN UR-19,Streetwear,Standard,S,green,3743.541358,1998.676731
2017,UrbanVN UR-20,Streetwear,Standard,M,silver,27.18865053,15.89940409
2018,UrbanVN UR-21,Streetwear,Standard,L,pink,26.16059045,16.16205504
2019,UrbanVN UR-22,Streetwear,Standard,XL,yellow,46.51806998,28.2166144
2020,UrbanVN UR-23,Streetwear,Standard,S,red,38.19887995,22.02940205
2021,UrbanVN UR-24,Streetwear,Standard,M,black,25.09920474,16.009854
2022,UrbanVN UR-25,Streetwear,Standard,L,orange,2988.255246,1860.487716
2023,UrbanVN UR-26,Streetwear,Standard,XL,blue,47.45775516,29.88617022
2024,UrbanVN UR-27,Streetwear,Standard,S,white,37.44674568,23.06139796
2025,UrbanVN UR-28,Streetwear,Standard,M,purple,45.83943962,29.11071077
2026,UrbanVN UR-29,Streetwear,Standard,L,green,4409.37,2827.288044
2027,UrbanVN UR-30,Streetwear,Standard,XL,silver,42.59988428,27.12459961
2028,UrbanVN UR-31,Streetwear,Standard,S,pink,8504.37,5160.451716
2029,UrbanVN UR-32,Streetwear,Standard,M,yellow,2519.37,2246.270292
2030,UrbanVN UR-33,Streetwear,Standard,L,red,23.76947027,14.75694992
2031,UrbanVN UR-34,Streetwear,Standard,XL,black,26.46776517,16.77265807
2032,UrbanVN UR-35,Streetwear,Standard,S,orange,44.65281905,27.67345718
2033,UrbanVN UR-36,Streetwear,Standard,M,blue,42.27297978,26.12529659
2034,UrbanVN UR-37,Streetwear,Standard,L,white,5039.37,4787.4015
2035,UrbanVN UR-38,Streetwear,Standard,XL,purple,32.83973984,20.09336058
2036,UrbanVN UR-39,Streetwear,Standard,S,green,2521.250597,2395.188067
2037,UrbanVN UR-40,Streetwear,Standard,M,silver,34.70663758,21.70107703
2038,UrbanVN UR-41,Streetwear,Standard,L,pink,55.20568617,31.23871776
2039,UrbanVN UR-42,Streetwear,Standard,XL,yellow,4661.37,2832.714549
2040,UrbanVN UR-43,Streetwear,Standard,S,red,26.13750992,16.67800728
2125,PhoenixWear UR-01,Streetwear,Standard,M,purple,6173.37,4869.554256
2126,PhoenixWear UR-02,Streetwear,Standard,L,green,5499.560769,4003.130284
2127,PhoenixWear UR-03,Streetwear,Standard,XL,silver,5036.85,4118.12856
2128,PhoenixWear UR-04,Streetwear,Standard,S,pink,4874.562,3880.638808
2129,PhoenixWear UR-05,Streetwear,Standard,M,yellow,41.21651199,26.26251651
2130,PhoenixWear UR-06,Streetwear,Standard,L,red,30.54261553,16.8877674
2131,PhoenixWear UR-07,Streetwear,Standard,XL,black,5354.37,2739.295692
2132,PhoenixWear UR-08,Streetwear,Standard,S,orange,4448.246582,2596.44153
2133,PhoenixWear UR-09,Streetwear,Standard,M,blue,5497.10029,5222.245276
2134,PhoenixWear UR-10,Streetwear,Standard,L,white,6133.816023,5691.567887
2135,PhoenixWear UR-11,Streetwear,Standard,XL,purple,30.35397615,19.20136908
2136,PhoenixWear UR-12,Streetwear,Standard,S,green,5342.824976,4014.598687
2137,PhoenixWear UR-13,Streetwear,Standard,M,silver,5666.85,5383.5075
2138,PhoenixWear UR-14,Streetwear,Standard,L,pink,5385.87,4297.92426
2139,PhoenixWear UR-15,Streetwear,Standard,XL,yellow,51.39345043,28.92870445
2140,PhoenixWear UR-16,Streetwear,Standard,S,red,6611.85,4492.09089
2141,PhoenixWear UR-17,Streetwear,Standard,M,black,5669.37,3855.1716
2142,PhoenixWear UR-18,Streetwear,Standard,L,orange,6299.37,5456.514294
2143,PhoenixWear UR-19,Streetwear,Standard,XL,blue,5280.815026,4593.780991
2144,PhoenixWear UR-20,Streetwear,Standard,S,white,5279.316429,3096.847017
2145,PhoenixWear UR-21,Streetwear,Standard,M,purple,4797.610283,3923.96545
2146,PhoenixWear UR-22,Streetwear,Standard,L,green,4598.37,2925.482994
2147,PhoenixWear UR-23,Streetwear,Standard,XL,silver,5889.87,3678.223815
2298,VietMotion UR-01,Streetwear,Standard,L,pink,46.07021011,26.88251516
2299,VietMotion UR-02,Streetwear,Standard,XL,yellow,45.85131388,28.62730568
2300,VietMotion UR-03,Streetwear,Standard,S,red,55.82330993,31.60023541
2301,VietMotion UR-04,Streetwear,Standard,M,black,33.39484466,21.09875274
2302,VietMotion UR-05,Streetwear,Standard,L,orange,43.5008809,27.54534147
2303,VietMotion UR-06,Streetwear,Standard,XL,blue,29.25040142,17.57208427
2304,VietMotion UR-07,Streetwear,Standard,S,white,37.70024304,20.75920856
2305,VietMotion UR-08,Streetwear,Standard,M,purple,31.43565563,18.19193379
2306,VietMotion UR-09,Streetwear,Standard,L,green,34.42552813,21.05784397
2307,VietMotion UR-10,Streetwear,Standard,XL,silver,3338.37,1819.41165
2308,VietMotion UR-11,Streetwear,Standard,S,pink,42.01651731,27.23168712
2309,VietMotion UR-12,Streetwear,Standard,M,yellow,3773.7,3585.015
2310,VietMotion UR-13,Streetwear,Standard,L,red,23.87213136,14.6379458
2311,VietMotion UR-14,Streetwear,Standard,XL,black,76.47431328,44.04770235
2312,VietMotion UR-15,Streetwear,Standard,S,orange,22.14458611,13.58350175
2313,VietMotion UR-16,Streetwear,Standard,M,blue,20.37532388,12.30666583
2314,VietMotion UR-17,Streetwear,Standard,L,white,52.62779222,33.04943986
2315,VietMotion UR-18,Streetwear,Standard,XL,purple,45.45237514,25.48505874
2316,VietMotion UR-19,Streetwear,Standard,S,green,42.5061141,26.61319664
2317,VietMotion UR-20,Streetwear,Standard,M,silver,42.57802196,25.72251811
2318,VietMotion UR-21,Streetwear,Standard,L,pink,32.95362569,21.29790193
2319,VietMotion UR-22,Streetwear,Standard,XL,yellow,23.12925465,13.5118149
2320,VietMotion UR-23,Streetwear,Standard,S,red,34.13495127,20.93367495
2321,VietMotion UR-24,Streetwear,Standard,M,black,25.25780749,16.24589277
2322,VietMotion UR-25,Streetwear,Standard,L,orange,48.91322909,27.40368418
2323,VietMotion UR-26,Streetwear,Standard,XL,blue,31.22368831,20.09940159
2324,VietMotion UR-27,Streetwear,Standard,S,white,23.80275003,14.7288697
2325,VietMotion UR-28,Streetwear,Standard,M,purple,1889.37,1169.708967
2326,VietMotion UR-29,Streetwear,Standard,L,green,29.12059522,16.21387292
1,DragonWear MA-01,Casual,All-weather,M,black,4945.5,2732.8833
2,DragonWear MA-02,Casual,All-weather,L,orange,39.06287712,22.6602327
3,DragonWear MA-03,Casual,All-weather,XL,blue,10831.37719,10289.80833
4,DragonWear MA-04,Casual,All-weather,S,white,9610.756522,5604.032128
5,DragonWear MA-05,Casual,All-weather,M,purple,8946.0,8498.7
6,DragonWear MA-06,Casual,All-weather,L,green,26.4302762,16.4083703
7,DragonWear MA-07,Casual,All-weather,XL,silver,5306.9975,3533.929635
8,DragonWear MA-08,Casual,All-weather,S,pink,5353.448368,3709.404374
9,DragonWear MA-09,Casual,All-weather,M,yellow,7077.195951,5879.026676
10,DragonWear MA-10,Casual,All-weather,L,red,8183.7,7774.515
11,DragonWear MA-11,Casual,All-weather,XL,black,9135.0,6147.855
12,DragonWear MA-12,Casual,All-weather,S,orange,5345.96087,3828.777175
13,DragonWear MA-13,Casual,All-weather,M,blue,5260.3,4066.73793
14,DragonWear MA-14,Casual,All-weather,L,white,4896.826667,4396.860664
15,DragonWear MA-15,Casual,All-weather,XL,purple,5669.37,3360.802536
16,DragonWear MA-16,Casual,All-weather,S,green,8536.5,7834.7997
17,DragonWear MA-17,Casual,All-weather,M,silver,4848.114706,4140.289959
18,DragonWear MA-18,Casual,All-weather,L,pink,4712.703333,3098.131171
19,DragonWear MA-19,Casual,All-weather,XL,yellow,4445.517541,4171.67366
20,DragonWear MA-20,Casual,All-weather,S,red,6111.0,5284.1817
21,DragonWear MA-21,Casual,All-weather,M,black,5165.071579,4456.423758
22,DragonWear MA-22,Casual,All-weather,L,orange,6615.0,3489.4125
23,DragonWear MA-23,Casual,All-weather,XL,blue,9103.5,5896.33695
24,DragonWear MA-24,Casual,All-weather,S,white,23.83396923,13.26920629
25,DragonWear MA-25,Casual,All-weather,M,purple,36.50593626,22.20353271
26,DragonWear MA-26,Casual,All-weather,L,green,9437.143228,8226.357752
27,DragonWear MA-27,Casual,All-weather,XL,silver,5077.2825,4735.07366
28,DragonWear MA-28,Casual,All-weather,S,pink,5181.75,2631.29265
29,DragonWear MA-29,Casual,All-weather,M,yellow,6293.7,5979.015
30,DragonWear MA-30,Casual,All-weather,L,red,10256.4,7812.29988
31,DragonWear MA-31,Casual,All-weather,XL,black,8993.317021,7894.333681
32,DragonWear MA-32,Casual,All-weather,S,orange,36.52462273,21.35186732
33,DragonWear MA-33,Casual,All-weather,M,blue,27.03744426,16.54939122
34,DragonWear MA-34,Casual,All-weather,L,white,27.42855647,15.21116986
35,DragonWear MA-35,Casual,All-weather,XL,purple,5669.37,3727.043838
36,DragonWear MA-36,Casual,All-weather,S,green,5604.936207,3526.065368
37,DragonWear MA-37,Casual,All-weather,M,silver,5449.5,5177.025
38,DragonWear MA-38,Casual,All-weather,L,pink,5355.0,4705.974
39,DragonWear MA-39,Casual,All-weather,XL,yellow,36.33639932,23.15187057
40,DragonWear MA-40,Casual,All-weather,S,red,12593.7,11964.015
41,DragonWear MA-41,Casual,All-weather,M,black,10143.0,8305.0884
42,DragonWear MA-42,Casual,All-weather,L,orange,12927.6,9403.53624
43,DragonWear MA-43,Casual,All-weather,XL,blue,4898.851364,4653.908795
44,DragonWear MA-44,Casual,All-weather,S,white,5039.37,4577.763708
45,DragonWear MA-45,Casual,All-weather,M,purple,5669.37,3456.047952
211,LotusWear MA-01,Casual,All-weather,XL,black,18.55550041,12.01188273
212,LotusWear MA-02,Casual,All-weather,S,orange,18.85945709,12.19995243
694,HanoiStreet MA-01,Casual,All-weather,L,white,24.84414998,15.52672874
695,HanoiStreet MA-02,Casual,All-weather,XL,purple,30.40542782,17.11851808
696,HanoiStreet MA-03,Casual,All-weather,S,green,37.50082851,23.46900549
697,HanoiStreet MA-04,Casual,All-weather,M,silver,59.74840446,33.00852535
698,HanoiStreet MA-05,Casual,All-weather,L,pink,46.66824008,25.77077876
699,HanoiStreet MA-06,Casual,All-weather,XL,yellow,2843.993622,1924.530484
700,HanoiStreet MA-07,Casual,All-weather,S,red,31.06322327,18.09001045
701,HanoiStreet MA-08,Casual,All-weather,M,black,32.86451541,19.68138564
702,HanoiStreet MA-09,Casual,All-weather,L,orange,3720.711892,3306.596658
703,HanoiStreet MA-10,Casual,All-weather,XL,blue,22.17550395,13.90494445
704,HanoiStreet MA-11,Casual,All-weather,S,white,32.87112936,20.32519022
705,HanoiStreet MA-12,Casual,All-weather,M,purple,29.50431561,17.542979
706,HanoiStreet MA-13,Casual,All-weather,L,green,3401.37,3231.3015
707,HanoiStreet MA-14,Casual,All-weather,XL,silver,37.67841651,21.75411103
708,HanoiStreet MA-15,Casual,All-weather,S,pink,23.78624857,15.45422184
709,HanoiStreet MA-16,Casual,All-weather,M,yellow,40.76152434,24.15601834
710,HanoiStreet MA-17,Casual,All-weather,L,red,61.13567442,36.38420595
711,HanoiStreet MA-18,Casual,All-weather,XL,black,2900.215161,2181.541844
712,HanoiStreet MA-19,Casual,All-weather,S,orange,31.70568304,17.95690617
1043,MekongFit MA-01,Casual,All-weather,XL,blue,4535.037107,2953.216164
1044,MekongFit MA-02,Casual,All-weather,S,white,3432.87,3261.2265
1045,MekongFit MA-03,Casual,All-weather,M,purple,2541.87,1871.578881
1046,MekongFit MA-04,Casual,All-weather,L,green,1243.62,1007.580924
1047,MekongFit MA-05,Casual,All-weather,XL,silver,2653.82122,1379.987034
1048,MekongFit MA-06,Casual,All-weather,S,pink,1700.37,1294.321644
1049,MekongFit MA-07,Casual,All-weather,M,yellow,3141.300337,2842.562675
1050,MekongFit MA-08,Casual,All-weather,L,red,3375.730465,2155.403902
1051,MekongFit MA-09,Casual,All-weather,XL,black,38.88795991,24.47923014
1052,MekongFit MA-10,Casual,All-weather,S,orange,2991.81464,2762.641638
1053,MekongFit MA-11,Casual,All-weather,M,blue,3460.8919,3287.847305
1054,MekongFit MA-12,Casual,All-weather,L,white,2960.37,2812.3515
1726,SaigonCore MA-01,Casual,All-weather,L,green,5417.37,3360.936348
1727,SaigonCore MA-02,Casual,All-weather,XL,silver,10073.7,7977.36303
1728,SaigonCore MA-03,Casual,All-weather,S,pink,5993.059655,4755.492836
1729,SaigonCore MA-04,Casual,All-weather,M,yellow,5858.37,4860.103752
1730,SaigonCore MA-05,Casual,All-weather,L,red,9553.265217,6129.374963
1731,SaigonCore MA-06,Casual,All-weather,XL,black,5543.37,3675.25431
1908,UrbanVN MA-01,Casual,All-weather,S,pink,5137.838182,4880.946273
1909,UrbanVN MA-02,Casual,All-weather,M,yellow,2481.642786,2028.494813
1910,UrbanVN MA-03,Casual,All-weather,L,red,43.64364129,27.03148453
1911,UrbanVN MA-04,Casual,All-weather,XL,black,28.20535381,16.1356331
1912,UrbanVN MA-05,Casual,All-weather,S,orange,3973.690134,2680.651364
1913,UrbanVN MA-06,Casual,All-weather,M,blue,36.22092508,20.21990056
1914,UrbanVN MA-07,Casual,All-weather,L,white,33.28267397,20.57035432
1915,UrbanVN MA-08,Casual,All-weather,XL,purple,5795.885337,3976.55693
1916,UrbanVN MA-09,Casual,All-weather,S,green,3559.950301,3381.952786
1917,UrbanVN MA-10,Casual,All-weather,M,silver,34.43489499,21.19299474
1918,UrbanVN MA-11,Casual,All-weather,L,pink,8819.37,8378.4015
1919,UrbanVN MA-12,Casual,All-weather,XL,yellow,24.30777083,14.03350695
1920,UrbanVN MA-13,Casual,All-weather,S,red,3366.602972,3198.272824
1921,UrbanVN MA-14,Casual,All-weather,M,black,33.4417149,21.57279401
1922,UrbanVN MA-15,Casual,All-weather,L,orange,40.41493183,22.83871195
1923,UrbanVN MA-16,Casual,All-weather,XL,blue,59.17253173,35.10312692
1924,UrbanVN MA-17,Casual,All-weather,S,white,4242.385847,4030.266554
1925,UrbanVN MA-18,Casual,All-weather,M,purple,48.60412143,31.31862906
2102,PhoenixWear MA-01,Casual,All-weather,L,orange,6299.37,3167.323236
2103,PhoenixWear MA-02,Casual,All-weather,XL,blue,7489.311909,4647.118039
2104,PhoenixWear MA-03,Casual,All-weather,S,white,6859.956826,6101.931597
2105,PhoenixWear MA-04,Casual,All-weather,M,purple,6929.37,3756.411477
2106,PhoenixWear MA-05,Casual,All-weather,L,green,10011.43957,7381.434391
2107,PhoenixWear MA-06,Casual,All-weather,XL,silver,7874.37,5049.046044
2187,VietMotion MA-01,Casual,All-weather,XL,silver,78.35681786,46.38509951
2188,VietMotion MA-02,Casual,All-weather,S,pink,24.36288761,14.95522178
2189,VietMotion MA-03,Casual,All-weather,M,yellow,3943.046992,2853.583108
2190,VietMotion MA-04,Casual,All-weather,L,red,46.94272562,27.68491556
2191,VietMotion MA-05,Casual,All-weather,XL,black,35.63530295,20.5765908
2192,VietMotion MA-06,Casual,All-weather,S,orange,2587.684929,2458.300683
2193,VietMotion MA-07,Casual,All-weather,M,blue,9177.035294,5596.156122
2194,VietMotion MA-08,Casual,All-weather,L,white,79.51305113,51.55608462
2195,VietMotion MA-09,Casual,All-weather,XL,purple,23.96706715,14.16294049
2196,VietMotion MA-10,Casual,All-weather,S,green,23.66770033,15.13336238
2197,VietMotion MA-11,Casual,All-weather,M,silver,2982.692977,2833.558328
2198,VietMotion MA-12,Casual,All-weather,L,pink,26.05586643,14.92989319
2199,VietMotion MA-13,Casual,All-weather,XL,yellow,2387.29942,2267.934449
2200,VietMotion MA-14,Casual,All-weather,S,red,14.16029201,8.08992309
2201,VietMotion MA-15,Casual,All-weather,M,black,26.8347581,14.84266451
2202,VietMotion MA-16,Casual,All-weather,L,orange,3857.993548,3393.105326
2203,VietMotion MA-17,Casual,All-weather,XL,blue,10199.7,8504.50986
68,DragonWear RS-01,Outdoor,Premium,S,pink,4398.87,4178.9265
69,DragonWear RS-02,Outdoor,Premium,M,yellow,3910.216154,3087.506675
70,DragonWear RS-03,Outdoor,Premium,L,red,5039.37,3891.401514
71,DragonWear RS-04,Outdoor,Premium,XL,black,4787.37,4096.552509
72,DragonWear RS-05,Outdoor,Premium,S,orange,24.44307477,15.03656522
73,DragonWear RS-06,Outdoor,Premium,M,blue,3882.460909,3688.337864
394,SaigonFlex RS-01,Outdoor,Premium,L,white,19686.87,17464.22238
395,SaigonFlex RS-02,Outdoor,Premium,XL,purple,4595.85,3068.649045
797,HanoiStreet RS-01,Outdoor,Premium,M,silver,3792.839178,3178.399231
798,HanoiStreet RS-02,Outdoor,Premium,L,pink,35.1687363,20.63886554
799,HanoiStreet RS-03,Outdoor,Premium,XL,yellow,37.9664316,24.16319722
800,HanoiStreet RS-04,Outdoor,Premium,S,red,3149.37,2034.178083
801,HanoiStreet RS-05,Outdoor,Premium,M,black,3716.37,2604.432096
802,HanoiStreet RS-06,Outdoor,Premium,L,orange,2015.37,1867.038768
803,HanoiStreet RS-07,Outdoor,Premium,XL,blue,1920.939845,1129.128441
804,HanoiStreet RS-08,Outdoor,Premium,S,white,1932.1681,1751.317166
805,HanoiStreet RS-09,Outdoor,Premium,M,purple,2267.37,1983.268539
806,HanoiStreet RS-10,Outdoor,Premium,L,green,13293.0,11389.4424
807,HanoiStreet RS-11,Outdoor,Premium,XL,silver,2738.718,2004.193832
808,HanoiStreet RS-12,Outdoor,Premium,S,pink,4185.669243,2473.311956
809,HanoiStreet RS-13,Outdoor,Premium,M,yellow,2845.616315,1471.183635
810,HanoiStreet RS-14,Outdoor,Premium,L,red,70.1382529,41.89505071
811,HanoiStreet RS-15,Outdoor,Premium,XL,black,3149.37,2991.9015
812,HanoiStreet RS-16,Outdoor,Premium,S,orange,6867.0,3823.5456
813,HanoiStreet RS-17,Outdoor,Premium,M,blue,3464.37,3291.1515
814,HanoiStreet RS-18,Outdoor,Premium,L,white,48.43242538,31.32702955
815,HanoiStreet RS-19,Outdoor,Premium,XL,purple,26.29131188,14.94799245
816,HanoiStreet RS-20,Outdoor,Premium,S,green,4614.077052,3811.689053
1113,MekongFit RS-01,Outdoor,Premium,M,blue,1870.894719,1564.629254
1114,MekongFit RS-02,Outdoor,Premium,L,white,2070.643973,1556.503074
1115,MekongFit RS-03,Outdoor,Premium,XL,purple,4828.925117,4587.478861
1116,MekongFit RS-04,Outdoor,Premium,S,green,3151.464301,1908.211634
1117,MekongFit RS-05,Outdoor,Premium,M,silver,3681.738439,2838.98851
1118,MekongFit RS-06,Outdoor,Premium,L,pink,4700.352036,4323.853838
1119,MekongFit RS-07,Outdoor,Premium,XL,yellow,3527.37,3177.454896
1120,MekongFit RS-08,Outdoor,Premium,S,red,2225.380254,2045.792067
1121,MekongFit RS-09,Outdoor,Premium,M,black,1007.37,957.0015
1122,MekongFit RS-10,Outdoor,Premium,L,orange,1500.45,1425.4275
1123,MekongFit RS-11,Outdoor,Premium,XL,blue,3137.216457,1940.368378
1746,SaigonCore RS-01,Outdoor,Premium,L,green,23.11852239,14.72331573
1747,SaigonCore RS-02,Outdoor,Premium,XL,silver,40.31677634,25.30521515
1748,SaigonCore RS-03,Outdoor,Premium,S,pink,19.52912063,12.24655892
1982,UrbanVN RS-01,Outdoor,Premium,L,orange,3984.924217,3601.973
1983,UrbanVN RS-02,Outdoor,Premium,XL,blue,4409.37,3421.67112
1984,UrbanVN RS-03,Outdoor,Premium,S,white,2204.37,1377.510813
1985,UrbanVN RS-04,Outdoor,Premium,M,purple,1920.87,1824.8265
1986,UrbanVN RS-05,Outdoor,Premium,L,green,2015.37,1507.295223
1987,UrbanVN RS-06,Outdoor,Premium,XL,silver,1972.5575,1723.423488
1988,UrbanVN RS-07,Outdoor,Premium,S,pink,68.8949931,43.71237967
1989,UrbanVN RS-08,Outdoor,Premium,M,yellow,4632.064513,4400.461287
1990,UrbanVN RS-09,Outdoor,Premium,L,red,3180.105,2713.583597
1991,UrbanVN RS-10,Outdoor,Premium,XL,black,3784.939745,3327.719023
1992,UrbanVN RS-11,Outdoor,Premium,S,orange,53.07871754,33.23271239
1993,UrbanVN RS-12,Outdoor,Premium,M,blue,1448.37,800.514099
2268,VietMotion RS-01,Outdoor,Premium,S,pink,27.44900005,16.81586219
2269,VietMotion RS-02,Outdoor,Premium,M,yellow,3915.427787,3719.656398
2270,VietMotion RS-03,Outdoor,Premium,L,red,3778.764231,3589.826019
2271,VietMotion RS-04,Outdoor,Premium,XL,black,16.6889394,9.397950449
2272,VietMotion RS-05,Outdoor,Premium,S,orange,56.91443216,31.48805859
2273,VietMotion RS-06,Outdoor,Premium,M,blue,31.63246801,20.31072642
2274,VietMotion RS-07,Outdoor,Premium,L,white,54.33271462,33.2334216
2275,VietMotion RS-08,Outdoor,Premium,XL,purple,4487.591719,3906.89735
2276,VietMotion RS-09,Outdoor,Premium,S,green,17.50049098,11.01924941
2277,VietMotion RS-10,Outdoor,Premium,M,silver,3358.794232,3190.85452
2278,VietMotion RS-11,Outdoor,Premium,L,pink,26.0560501,15.58548461
2279,VietMotion RS-12,Outdoor,Premium,XL,yellow,2006.37,1041.105393
2280,VietMotion RS-13,Outdoor,Premium,S,red,1977.484576,1878.610347
2281,VietMotion RS-14,Outdoor,Premium,M,black,33.18498385,18.64102815
2282,VietMotion RS-15,Outdoor,Premium,L,orange,33.74364953,18.98142979
2283,VietMotion RS-16,Outdoor,Premium,XL,blue,27.65962618,17.10904236
2284,VietMotion RS-17,Outdoor,Premium,S,white,3915.939241,2108.341688
2285,VietMotion RS-18,Outdoor,Premium,M,purple,42.48452844,25.19462494
197,DragonWear YY-01,GenZ,Trendy,M,silver,6041.7,5739.615
198,DragonWear YY-02,GenZ,Trendy,L,pink,6293.7,3768.03819
1000,HanoiStreet YY-01,GenZ,Trendy,S,red,1188.348121,915.3845572
1001,HanoiStreet YY-02,GenZ,Trendy,M,black,4904.031106,3874.674977
1002,HanoiStreet YY-03,GenZ,Trendy,L,orange,3419.9325,2547.507719
1003,HanoiStreet YY-04,GenZ,Trendy,XL,blue,1038.87,986.9265
1004,HanoiStreet YY-05,GenZ,Trendy,S,white,21.60558461,12.31631693
1005,HanoiStreet YY-06,GenZ,Trendy,M,purple,1402.41291,811.0153861
1006,HanoiStreet YY-07,GenZ,Trendy,L,green,1119.51,619.760736
1007,HanoiStreet YY-08,GenZ,Trendy,XL,silver,5436.612135,5164.781528
1008,HanoiStreet YY-09,GenZ,Trendy,S,pink,3261.765887,2694.218623
1009,HanoiStreet YY-10,GenZ,Trendy,M,yellow,1383.875492,862.5695943
1010,HanoiStreet YY-11,GenZ,Trendy,L,red,31.28216748,18.74300641
1011,HanoiStreet YY-12,GenZ,Trendy,XL,black,3527.37,2848.351275
1012,HanoiStreet YY-13,GenZ,Trendy,S,orange,2141.37,1752.283071
1013,HanoiStreet YY-14,GenZ,Trendy,M,blue,1259.37,1196.4015
1014,HanoiStreet YY-15,GenZ,Trendy,L,white,1038.87,951.397146
1015,HanoiStreet YY-16,GenZ,Trendy,XL,purple,34.74786922,19.33444045
1016,HanoiStreet YY-17,GenZ,Trendy,S,green,40.68158502,24.74242367
1017,HanoiStreet YY-18,GenZ,Trendy,M,silver,3407.941499,1959.907156
1018,HanoiStreet YY-19,GenZ,Trendy,L,pink,44.02008254,25.39515659
1019,HanoiStreet YY-20,GenZ,Trendy,XL,yellow,2834.37,2542.996764
1020,HanoiStreet YY-21,GenZ,Trendy,S,red,21.11836758,13.29941679
1021,HanoiStreet YY-22,GenZ,Trendy,M,black,17.92783139,10.41671895
1022,HanoiStreet YY-23,GenZ,Trendy,L,orange,1889.37,1779.78654
1023,HanoiStreet YY-24,GenZ,Trendy,XL,blue,3842.37,2315.412162
1024,HanoiStreet YY-25,GenZ,Trendy,S,white,55.20594953,32.8763583
1025,HanoiStreet YY-26,GenZ,Trendy,M,purple,37.82331097,20.84677376
1026,HanoiStreet YY-27,GenZ,Trendy,L,green,2172.87,1809.566136
1690,NamStyle YY-01,GenZ,Trendy,L,red,1889.37,1538.513991
1691,NamStyle YY-02,GenZ,Trendy,XL,black,2834.37,1825.901154
1692,NamStyle YY-03,GenZ,Trendy,S,orange,1205.093077,1144.838423
1693,NamStyle YY-04,GenZ,Trendy,M,blue,3987.590339,3788.210822
1694,NamStyle YY-05,GenZ,Trendy,L,white,24.54738633,13.67890066
1695,NamStyle YY-06,GenZ,Trendy,XL,purple,2015.37,1265.65236
1696,NamStyle YY-07,GenZ,Trendy,S,green,2204.37,2094.1515
1697,NamStyle YY-08,GenZ,Trendy,M,silver,2834.37,2279.683791
1698,NamStyle YY-09,GenZ,Trendy,L,pink,1898.703333,1803.768167
1699,NamStyle YY-10,GenZ,Trendy,XL,yellow,2088.481111,1689.163523
1700,NamStyle YY-11,GenZ,Trendy,S,red,1301.635823,745.4468357
1701,NamStyle YY-12,GenZ,Trendy,M,black,3401.37,1813.950621
1702,NamStyle YY-13,GenZ,Trendy,L,orange,1322.37,1232.316603
1703,NamStyle YY-14,GenZ,Trendy,XL,blue,1242.552203,1180.424593
1704,NamStyle YY-15,GenZ,Trendy,S,white,1637.37,870.917103
1705,NamStyle YY-16,GenZ,Trendy,M,purple,1812.577101,1721.948246
1706,NamStyle YY-17,GenZ,Trendy,L,green,2828.07,2686.6665
1707,NamStyle YY-18,GenZ,Trendy,XL,silver,1539.96727,1326.065816
1708,NamStyle YY-19,GenZ,Trendy,S,pink,61.5876147,36.29046228
1709,NamStyle YY-20,GenZ,Trendy,M,yellow,34.68370062,20.74064082
1710,NamStyle YY-21,GenZ,Trendy,L,red,3275.37,2180.086272
1711,NamStyle YY-22,GenZ,Trendy,XL,black,1386.882,1076.913873
1712,NamStyle YY-23,GenZ,Trendy,S,orange,3086.37,2034.843741
1713,NamStyle YY-24,GenZ,Trendy,M,blue,1353.87,1286.1765
1714,NamStyle YY-25,GenZ,Trendy,L,white,1321.587391,1255.508022
1715,NamStyle YY-26,GenZ,Trendy,XL,purple,3144.396316,2987.1765
1716,NamStyle YY-27,GenZ,Trendy,S,green,4283.37,4069.2015
1717,NamStyle YY-28,GenZ,Trendy,M,silver,2204.37,1660.331484
1718,NamStyle YY-29,GenZ,Trendy,L,pink,1889.37,1718.382015
1719,NamStyle YY-30,GenZ,Trendy,XL,yellow,53.07568287,32.37627561
1720,NamStyle YY-31,GenZ,Trendy,S,red,3527.37,2218.362993
1721,NamStyle YY-32,GenZ,Trendy,M,black,34.02200063,19.70439479
1722,NamStyle YY-33,GenZ,Trendy,L,orange,965.8049112,495.4579195
1723,NamStyle YY-34,GenZ,Trendy,XL,blue,75.51257283,46.77990209
1724,NamStyle YY-35,GenZ,Trendy,S,white,66.8289478,42.50402877
1725,NamStyle YY-36,GenZ,Trendy,M,purple,1542.87,1465.7265
1806,SaigonCore YY-01,GenZ,Trendy,L,green,1385.37,1258.747182
1807,SaigonCore YY-02,GenZ,Trendy,XL,silver,2141.37,1976.912784
1808,SaigonCore YY-03,GenZ,Trendy,S,pink,1385.37,1090.424727
1809,SaigonCore YY-04,GenZ,Trendy,M,yellow,2719.395,2583.42525
1810,SaigonCore YY-05,GenZ,Trendy,L,red,3308.536667,1751.539311
1811,SaigonCore YY-06,GenZ,Trendy,XL,black,2708.37,2572.9515
1812,SaigonCore YY-07,GenZ,Trendy,S,orange,1103.37,1048.2015
1813,SaigonCore YY-08,GenZ,Trendy,M,blue,1700.37,905.276988
1814,SaigonCore YY-09,GenZ,Trendy,L,white,6265.98,4713.270156
1815,SaigonCore YY-10,GenZ,Trendy,XL,purple,3912.072128,3222.765019
1816,SaigonCore YY-11,GenZ,Trendy,S,green,2229.066,1633.682471
1817,SaigonCore YY-12,GenZ,Trendy,M,silver,2735.535138,2598.758381
1818,SaigonCore YY-13,GenZ,Trendy,L,pink,2515.805365,2390.015097
1819,SaigonCore YY-14,GenZ,Trendy,XL,yellow,3156.620389,2453.009704
1820,SaigonCore YY-15,GenZ,Trendy,S,red,4598.37,3172.8753
1821,SaigonCore YY-16,GenZ,Trendy,M,black,3791.745,3602.15775
1822,SaigonCore YY-17,GenZ,Trendy,L,orange,4346.37,2195.351487
1823,SaigonCore YY-18,GenZ,Trendy,XL,blue,5480.37,4908.767409
1824,SaigonCore YY-19,GenZ,Trendy,S,white,29.97651796,18.8248066
1825,SaigonCore YY-20,GenZ,Trendy,M,purple,1196.37,1136.5515
1826,SaigonCore YY-21,GenZ,Trendy,L,green,2652.657918,2520.025022
1827,SaigonCore YY-22,GenZ,Trendy,XL,silver,3026.87,1800.684963
1828,SaigonCore YY-23,GenZ,Trendy,S,pink,3471.435421,3117.349008
1829,SaigonCore YY-24,GenZ,Trendy,M,yellow,3934.180976,3731.177237
1830,SaigonCore YY-25,GenZ,Trendy,L,red,3707.157736,2126.054962
1831,SaigonCore YY-26,GenZ,Trendy,XL,black,4346.37,4129.0515
1832,SaigonCore YY-27,GenZ,Trendy,S,orange,4371.085385,3285.307775
1833,SaigonCore YY-28,GenZ,Trendy,M,blue,1408.512857,1187.376339
1834,SaigonCore YY-29,GenZ,Trendy,L,white,3023.37,2052.86823
1835,SaigonCore YY-30,GenZ,Trendy,XL,purple,48.84384538,27.05762854
1836,SaigonCore YY-31,GenZ,Trendy,S,green,1705.576612,1041.766194
1837,SaigonCore YY-32,GenZ,Trendy,M,silver,1924.838504,1828.596579
1838,SaigonCore YY-33,GenZ,Trendy,L,pink,3592.580526,3074.171156
1839,SaigonCore YY-34,GenZ,Trendy,XL,yellow,3149.37,1598.935149
1840,SaigonCore YY-35,GenZ,Trendy,S,red,3968.37,2471.103999
1841,SaigonCore YY-36,GenZ,Trendy,M,black,1826.37,1111.163508
1842,SaigonCore YY-37,GenZ,Trendy,L,orange,3086.37,2932.0515
1843,SaigonCore YY-38,GenZ,Trendy,XL,blue,1704.791053,1064.982971
1844,SaigonCore YY-39,GenZ,Trendy,S,white,2026.103333,1822.885169
1845,SaigonCore YY-40,GenZ,Trendy,M,purple,1211.145244,735.5285069
1846,SaigonCore YY-41,GenZ,Trendy,L,green,5606.37,3945.763206
1847,SaigonCore YY-42,GenZ,Trendy,XL,silver,1562.140588,1484.033559
1848,SaigonCore YY-43,GenZ,Trendy,S,pink,4365.577317,4147.298451
1849,SaigonCore YY-44,GenZ,Trendy,M,yellow,2771.37,2632.8015
1850,SaigonCore YY-45,GenZ,Trendy,L,red,1929.010449,1460.839613
1851,SaigonCore YY-46,GenZ,Trendy,XL,black,3909.230724,2716.915353
1852,SaigonCore YY-47,GenZ,Trendy,S,orange,2043.242727,1941.080591
1853,SaigonCore YY-48,GenZ,Trendy,M,blue,4462.20871,4239.098274
1854,SaigonCore YY-49,GenZ,Trendy,L,white,2267.37,1763.106912
1855,SaigonCore YY-50,GenZ,Trendy,XL,purple,2934.637606,2787.905725
1856,SaigonCore YY-51,GenZ,Trendy,S,green,1322.37,1104.311187
1857,SaigonCore YY-52,GenZ,Trendy,M,silver,1203.695581,1114.381369
1858,SaigonCore YY-53,GenZ,Trendy,L,pink,3149.37,2862.77733
1859,SaigonCore YY-54,GenZ,Trendy,XL,yellow,1885.747736,1552.158962
1860,SaigonCore YY-55,GenZ,Trendy,S,red,2319.87,1394.473857
1861,SaigonCore YY-56,GenZ,Trendy,M,black,1259.37,828.161712
1862,SaigonCore YY-57,GenZ,Trendy,L,orange,2656.232069,1842.628186
2097,UrbanVN YY-01,GenZ,Trendy,M,silver,5908.77,5613.3315
2098,UrbanVN YY-02,GenZ,Trendy,L,pink,3660.198094,3166.071352
2099,UrbanVN YY-03,GenZ,Trendy,XL,yellow,4994.564776,4502.100689
2100,UrbanVN YY-04,GenZ,Trendy,S,red,4801.846596,2893.112574
2101,UrbanVN YY-05,GenZ,Trendy,M,black,42.86906112,25.63787179
2392,VietMotion YY-01,GenZ,Trendy,S,orange,57.25143016,32.08902686
2393,VietMotion YY-02,GenZ,Trendy,M,blue,1278.229967,1214.318468
2394,VietMotion YY-03,GenZ,Trendy,L,white,1618.174865,1252.467345
2395,VietMotion YY-04,GenZ,Trendy,XL,purple,1987.569124,1152.392578
2396,VietMotion YY-05,GenZ,Trendy,S,green,1182.85089,799.0157765
2397,VietMotion YY-06,GenZ,Trendy,M,silver,22.51159739,12.92626056
2398,VietMotion YY-07,GenZ,Trendy,L,pink,43.57225454,28.26385136
2399,VietMotion YY-08,GenZ,Trendy,XL,yellow,1631.7,1550.115
2400,VietMotion YY-09,GenZ,Trendy,S,red,1109.261061,1053.798008
2401,VietMotion YY-10,GenZ,Trendy,M,black,2015.37,1140.900957
2402,VietMotion YY-11,GenZ,Trendy,L,orange,3733.948734,1874.442264
2403,VietMotion YY-12,GenZ,Trendy,XL,blue,1616.802656,850.2765167
2404,VietMotion YY-13,GenZ,Trendy,S,white,3296.847273,2940.128398
2405,VietMotion YY-14,GenZ,Trendy,M,purple,5084.865395,2906.000573
2406,VietMotion YY-15,GenZ,Trendy,L,green,1085.291053,871.2716571
2407,VietMotion YY-16,GenZ,Trendy,XL,silver,936.0128571,826.4057516
2408,VietMotion YY-17,GenZ,Trendy,S,pink,50.57057042,28.53442182
2409,VietMotion YY-18,GenZ,Trendy,M,yellow,16.38726003,9.830534005
2410,VietMotion YY-19,GenZ,Trendy,L,red,1234.17,1020.041505
2411,VietMotion YY-20,GenZ,Trendy,XL,black,20.62897405,12.62112759
2412,VietMotion YY-21,GenZ,Trendy,S,orange,1233.091907,836.5295499
1563,VietMode RS-01,Outdoor,Premium,XL,blue,3463.74,3132.260082
1564,VietMode RS-02,Outdoor,Premium,S,white,4112.82,3718.400562
1565,VietMode RS-03,Outdoor,Premium,M,purple,3747.24,2006.272296
1566,VietMode RS-04,Outdoor,Premium,L,green,4467.96,3904.103448
1567,VietMode RS-05,Outdoor,Premium,XL,silver,4999.05,4046.23107
1568,VietMode RS-06,Outdoor,Premium,S,pink,5303.07,3703.664088
1569,VietMode RS-07,Outdoor,Premium,M,yellow,5039.37,2522.708622
1570,VietMode RS-08,Outdoor,Premium,L,red,14.64804865,9.085400866
1571,VietMode RS-09,Outdoor,Premium,XL,black,29.7323972,18.01678816
1572,VietMode RS-10,Outdoor,Premium,S,orange,3873.24,2666.338416
1573,VietMode RS-11,Outdoor,Premium,M,blue,44.12457583,24.31163016
1574,VietMode RS-12,Outdoor,Premium,L,white,60.3972045,35.19019752
1575,VietMode RS-13,Outdoor,Premium,XL,purple,3356.794528,3188.954802
1576,VietMode RS-14,Outdoor,Premium,S,green,2706.407012,2571.086662
1577,VietMode RS-15,Outdoor,Premium,M,silver,5983.74,5684.553
1578,VietMode RS-16,Outdoor,Premium,L,pink,34.11161398,20.52738566
1579,VietMode RS-17,Outdoor,Premium,XL,yellow,63.52580608,35.49737236
1580,VietMode RS-18,Outdoor,Premium,S,red,19.06700619,11.15539399
1581,VietMode RS-19,Outdoor,Premium,M,black,16.75416735,9.270421086
1582,VietMode RS-20,Outdoor,Premium,L,orange,32.38777123,18.06777242
1583,VietMode RS-21,Outdoor,Premium,XL,blue,5668.74,2943.209808
1584,VietMode RS-22,Outdoor,Premium,S,white,4358.774483,3938.152745
1585,VietMode RS-23,Outdoor,Premium,M,purple,5039.37,4674.519612
1586,VietMode RS-24,Outdoor,Premium,L,green,4661.37,3649.386573
1587,VietMode RS-25,Outdoor,Premium,XL,silver,38.61443536,22.77063627
1588,VietMode RS-26,Outdoor,Premium,S,pink,3529.89,2537.637921
1589,VietMode RS-27,Outdoor,Premium,M,yellow,32.685191,18.41063903
1590,VietMode RS-28,Outdoor,Premium,L,red,5246.287431,4392.716466
1591,VietMode RS-29,Outdoor,Premium,XL,black,14.48368958,8.788037818
1592,VietMode RS-30,Outdoor,Premium,S,orange,5868.392727,5574.973091
1593,VietMode RS-31,Outdoor,Premium,M,blue,31.95574523,19.77889657
1594,VietMode RS-32,Outdoor,Premium,L,white,19.65265021,12.38232265
1595,VietMode RS-33,Outdoor,Premium,XL,purple,4408.74,2394.386694
1596,VietMode RS-34,Outdoor,Premium,S,green,4692.24,4457.628
1597,VietMode RS-35,Outdoor,Premium,M,silver,2063.380223,1049.435182
1598,VietMode RS-36,Outdoor,Premium,L,pink,43.28772119,24.67465145
1599,VietMode RS-37,Outdoor,Premium,XL,yellow,38.34558121,21.73229136
1600,VietMode RS-38,Outdoor,Premium,S,red,22.73823993,12.74380082
1601,VietMode RS-39,Outdoor,Premium,M,black,3793.49069,2490.047289
1602,VietMode RS-40,Outdoor,Premium,L,orange,4535.37,4308.6015
1603,VietMode RS-41,Outdoor,Premium,XL,blue,3621.24,2054.691576
1604,VietMode RS-42,Outdoor,Premium,S,white,26.96266774,16.545453
1605,VietMode RS-43,Outdoor,Premium,M,purple,5118.753298,4862.815634
1606,VietMode RS-44,Outdoor,Premium,L,green,21.67836137,13.45462236
1607,VietMode RS-45,Outdoor,Premium,XL,silver,5235.27411,4973.510404
1608,VietMode RS-46,Outdoor,Premium,S,pink,5496.296966,5221.482118
1609,VietMode RS-47,Outdoor,Premium,M,yellow,32.29551484,17.86454224
1610,VietMode RS-48,Outdoor,Premium,L,red,48.52392272,31.23102656
1611,VietMode RS-49,Outdoor,Premium,XL,black,22.3250548,12.39480632
1612,VietMode RS-50,Outdoor,Premium,S,orange,6110.37,4649.99157
1613,VietMode RS-51,Outdoor,Premium,M,blue,40.51282563,24.4749985
1614,VietMode RS-52,Outdoor,Premium,L,white,26.78647116,16.63188205
1615,VietMode RS-53,Outdoor,Premium,XL,purple,3167.899412,3009.504441
1616,VietMode RS-54,Outdoor,Premium,S,green,24.11540546,15.36385036
1617,VietMode RS-55,Outdoor,Premium,M,silver,4535.37,3411.958851
1618,VietMode RS-56,Outdoor,Premium,L,pink,31.72762828,19.71582403
1619,VietMode RS-57,Outdoor,Premium,XL,yellow,21.88722364,13.79273319
1620,VietMode RS-58,Outdoor,Premium,S,red,26.53700776,15.49615351
1621,VietMode RS-59,Outdoor,Premium,M,black,20.50869296,12.95088093
1622,VietMode RS-60,Outdoor,Premium,L,orange,72.66719561,40.54912971
1623,VietMode RS-61,Outdoor,Premium,XL,blue,33.58586926,21.47754762
1624,VietMode RS-62,Outdoor,Premium,S,white,25.03086834,15.13764885
1625,VietMode RS-63,Outdoor,Premium,M,purple,4755.24,4200.779016
1626,VietMode RS-64,Outdoor,Premium,L,green,36.07470634,22.78946619
1627,VietMode RS-65,Outdoor,Premium,XL,silver,31.66046622,18.8453172
1628,VietMode RS-66,Outdoor,Premium,S,pink,30.31407603,18.62368814
1629,VietMode RS-67,Outdoor,Premium,M,yellow,2770.74,1718.690022
1630,VietMode RS-68,Outdoor,Premium,L,red,3274.74,1882.9755
1631,VietMode RS-69,Outdoor,Premium,XL,black,5700.87,5223.707181
1632,VietMode RS-70,Outdoor,Premium,S,orange,5039.37,4028.472378
1633,VietMode RS-71,Outdoor,Premium,M,blue,5228.37,4966.9515
1634,VietMode RS-72,Outdoor,Premium,L,white,4258.17,3702.904632
1635,VietMode RS-73,Outdoor,Premium,XL,purple,42.33722319,25.51411545
1636,VietMode RS-74,Outdoor,Premium,S,green,44.83562768,27.93972276
1637,VietMode RS-75,Outdoor,Premium,M,silver,26.78386197,14.9497607
1638,VietMode RS-76,Outdoor,Premium,L,pink,26.30272915,14.62524348
1639,VietMode RS-77,Outdoor,Premium,XL,yellow,29.66533882,17.04897647
1640,VietMode RS-78,Outdoor,Premium,S,red,4786.74,4547.403
1641,VietMode RS-79,Outdoor,Premium,M,black,13.1870005,7.463241855
1642,VietMode RS-80,Outdoor,Premium,L,orange,18.06404638,11.51001939
1643,VietMode RS-81,Outdoor,Premium,XL,blue,5070.87,4513.0743
1644,VietMode RS-82,Outdoor,Premium,S,white,4566.87,3274.44579
1645,VietMode RS-83,Outdoor,Premium,M,purple,5039.37,2724.283422
1646,VietMode RS-84,Outdoor,Premium,L,green,5069.359167,3323.47187
1647,VietMode RS-85,Outdoor,Premium,XL,silver,57.21120135,32.7203103
1648,VietMode RS-86,Outdoor,Premium,S,pink,63.94268181,41.40841915
1649,VietMode RS-87,Outdoor,Premium,M,yellow,29.97565596,17.49647801
1650,VietMode RS-88,Outdoor,Premium,L,red,5909.284286,4975.617369
1651,VietMode RS-89,Outdoor,Premium,XL,black,6002.08875,5701.984313
1652,VietMode RS-90,Outdoor,Premium,S,orange,41.70507338,23.69731446
1653,VietMode RS-91,Outdoor,Premium,M,blue,4849.74,4297.839588
1654,VietMode RS-92,Outdoor,Premium,L,white,37.50596781,23.59012297
1655,VietMode RS-93,Outdoor,Premium,XL,purple,3401.37,2796.266277
1656,VietMode RS-94,Outdoor,Premium,S,green,4970.07,3734.510598
1657,VietMode RS-95,Outdoor,Premium,M,silver,4746.147778,3926.962671
1658,VietMode RS-96,Outdoor,Premium,L,pink,113.4715703,69.88382421
1659,VietMode RS-97,Outdoor,Premium,XL,yellow,51.82278744,31.08432217
1660,VietMode RS-98,Outdoor,Premium,S,red,31.46365164,19.05238493
1661,VietMode RS-99,Outdoor,Premium,M,black,22.59624685,14.05306186
1662,VietMode RS-00,Outdoor,Premium,L,orange,2078.37,1489.567779
1663,VietMode RS-01,Outdoor,Premium,XL,blue,17.4165599,9.976997513
1664,VietMode RS-02,Outdoor,Premium,S,white,35.92327645,23.33695991
1665,VietMode RS-03,Outdoor,Premium,M,purple,24.47028935,15.84400621
1666,VietMode RS-04,Outdoor,Premium,L,green,2847.542727,2029.158947
1667,VietMode RS-05,Outdoor,Premium,XL,silver,4426.664118,3156.654182
1265,VietMode MA-01,Casual,All-weather,M,purple,10394.37,7885.169082
1266,VietMode MA-02,Casual,All-weather,L,green,18.74821441,11.53076246
1267,VietMode MA-03,Casual,All-weather,XL,silver,25.56874856,14.57301678
1268,VietMode MA-04,Casual,All-weather,S,pink,21.48555392,13.27856271
1269,VietMode MA-05,Casual,All-weather,M,yellow,65.03051713,36.23629441
1270,VietMode MA-06,Casual,All-weather,L,red,47.11803813,26.05934955
1271,VietMode MA-07,Casual,All-weather,XL,black,5605.74,5325.453
1272,VietMode MA-08,Casual,All-weather,S,orange,6296.410268,5981.589755
1273,VietMode MA-09,Casual,All-weather,M,blue,5983.74,3856.52043
1274,VietMode MA-10,Casual,All-weather,L,white,33.01001313,19.00611877
1275,VietMode MA-11,Casual,All-weather,XL,purple,9196.74,8009.440866
1276,VietMode MA-12,Casual,All-weather,S,green,59.85815353,35.69116004
1277,VietMode MA-13,Casual,All-weather,M,silver,5525.712973,2933.048446
1278,VietMode MA-14,Casual,All-weather,L,pink,9764.37,6568.491699
1279,VietMode MA-15,Casual,All-weather,XL,yellow,6613.74,4749.988068
1280,VietMode MA-16,Casual,All-weather,S,red,5373.012857,5104.362214
1281,VietMode MA-17,Casual,All-weather,M,black,4724.37,4488.1515
1282,VietMode MA-18,Casual,All-weather,L,orange,34.15630935,21.75166857
1283,VietMode MA-19,Casual,All-weather,XL,blue,23.46444553,14.61170695
1284,VietMode MA-20,Casual,All-weather,S,white,60.90100219,38.01870835
1285,VietMode MA-21,Casual,All-weather,M,purple,4647.476842,3315.974727
1286,VietMode MA-22,Casual,All-weather,L,green,8311.691613,6208.833635
1287,VietMode MA-23,Casual,All-weather,XL,silver,8188.74,4307.27724
1288,VietMode MA-24,Casual,All-weather,S,pink,8377.74,7154.58996
1289,VietMode MA-25,Casual,All-weather,M,yellow,5669.37,5385.9015
1290,VietMode MA-26,Casual,All-weather,L,red,41.08175138,24.3429644
1291,VietMode MA-27,Casual,All-weather,XL,black,21.86968734,12.78487705
1292,VietMode MA-28,Casual,All-weather,S,orange,30.68777997,18.01691458
1293,VietMode MA-29,Casual,All-weather,M,blue,23.33029425,15.13587733
1294,VietMode MA-30,Casual,All-weather,L,white,8944.74,8497.503
1295,VietMode MA-31,Casual,All-weather,XL,purple,5669.37,5385.9015
1296,VietMode MA-32,Casual,All-weather,S,green,19.0464381,10.55193468
1297,VietMode MA-33,Casual,All-weather,M,silver,5858.37,2990.697885
1298,VietMode MA-34,Casual,All-weather,L,pink,4444.02,3357.45711
1299,VietMode MA-35,Casual,All-weather,XL,yellow,6504.159828,6178.951836
1300,VietMode MA-36,Casual,All-weather,S,red,5420.10913,3545.293382
1301,VietMode MA-37,Casual,All-weather,M,black,6171.255906,4382.208819
1302,VietMode MA-38,Casual,All-weather,L,orange,47.96497318,30.53944949
1303,VietMode MA-39,Casual,All-weather,XL,blue,9449.233784,6596.510104
1304,VietMode MA-40,Casual,All-weather,S,white,4895.008548,4420.68222
1305,VietMode MA-41,Casual,All-weather,M,purple,5114.97,3436.748343
1306,VietMode MA-42,Casual,All-weather,L,green,10583.37,8359.803963
1307,VietMode MA-43,Casual,All-weather,XL,silver,71.07720326,43.20552476
1308,VietMode MA-44,Casual,All-weather,S,pink,9126.562048,6083.766261
713,HanoiStreet RP-01,Outdoor,Activewear,M,blue,1952.012045,1681.853578
714,HanoiStreet RP-02,Outdoor,Activewear,L,white,1952.012045,1350.792335
715,HanoiStreet RP-03,Outdoor,Activewear,XL,purple,1855.630321,1707.736585
716,HanoiStreet RP-04,Outdoor,Activewear,S,green,1855.630321,1762.848805
717,HanoiStreet RP-05,Outdoor,Activewear,M,silver,2046.87,1742.909805
718,HanoiStreet RP-06,Outdoor,Activewear,L,pink,2046.87,1613.752308
719,HanoiStreet RP-07,Outdoor,Activewear,XL,yellow,1259.37,981.552978
720,HanoiStreet RP-08,Outdoor,Activewear,S,red,1259.37,742.776426
721,HanoiStreet RP-09,Outdoor,Activewear,M,black,2015.37,1709.235297
722,HanoiStreet RP-10,Outdoor,Activewear,L,orange,2015.37,1819.87911
723,HanoiStreet RP-11,Outdoor,Activewear,XL,blue,18.92668764,11.2398319
724,HanoiStreet RP-12,Outdoor,Activewear,S,white,41.4790174,25.82175708
725,HanoiStreet RP-13,Outdoor,Activewear,M,purple,1341.312712,1274.247076
726,HanoiStreet RP-14,Outdoor,Activewear,L,green,1341.312712,1274.247076
727,HanoiStreet RP-15,Outdoor,Activewear,XL,silver,818.37,681.129351
728,HanoiStreet RP-16,Outdoor,Activewear,S,pink,818.37,554.363838
729,HanoiStreet RP-17,Outdoor,Activewear,M,yellow,3782.677087,3301.898829
730,HanoiStreet RP-18,Outdoor,Activewear,L,red,3782.677087,2712.936007
731,HanoiStreet RP-19,Outdoor,Activewear,XL,black,1763.37,1675.2015
732,HanoiStreet RP-20,Outdoor,Activewear,S,orange,1763.37,940.228884
733,HanoiStreet RP-21,Outdoor,Activewear,M,blue,4376.451792,2285.383126
734,HanoiStreet RP-22,Outdoor,Activewear,L,white,4376.451792,3725.673411
735,HanoiStreet RP-23,Outdoor,Activewear,XL,purple,4615.655408,2314.751187
736,HanoiStreet RP-24,Outdoor,Activewear,S,green,4615.655408,2839.089642
737,HanoiStreet RP-25,Outdoor,Activewear,M,silver,5669.37,5385.9015
738,HanoiStreet RP-26,Outdoor,Activewear,L,pink,5669.37,4405.10049
739,HanoiStreet RP-27,Outdoor,Activewear,XL,yellow,2078.146596,1837.081591
740,HanoiStreet RP-28,Outdoor,Activewear,S,red,2078.146596,1680.804967
741,HanoiStreet RP-29,Outdoor,Activewear,M,black,25.52715972,15.28226542
742,HanoiStreet RP-30,Outdoor,Activewear,L,orange,27.25262499,17.36925134
743,HanoiStreet RP-31,Outdoor,Activewear,XL,blue,3275.37,2977.638867
744,HanoiStreet RP-32,Outdoor,Activewear,S,white,3275.37,2282.277816
745,HanoiStreet RP-33,Outdoor,Activewear,M,purple,2645.37,2513.1015
746,HanoiStreet RP-34,Outdoor,Activewear,L,green,2645.37,2343.79782
747,HanoiStreet RP-35,Outdoor,Activewear,XL,silver,26.12891173,16.7243374
748,HanoiStreet RP-36,Outdoor,Activewear,S,pink,23.43905603,13.87995486
749,HanoiStreet RP-37,Outdoor,Activewear,M,yellow,33.76445599,19.50514479
750,HanoiStreet RP-38,Outdoor,Activewear,L,red,23.75088881,14.46987353
751,HanoiStreet RP-39,Outdoor,Activewear,XL,black,36.89893653,23.66093881
752,HanoiStreet RP-40,Outdoor,Activewear,S,orange,32.45663064,18.53488534
753,HanoiStreet RP-41,Outdoor,Activewear,M,blue,2960.314737,1663.992914
754,HanoiStreet RP-42,Outdoor,Activewear,L,white,2960.314737,2498.801669
755,HanoiStreet RP-43,Outdoor,Activewear,XL,purple,30.09685801,18.42820559
756,HanoiStreet RP-44,Outdoor,Activewear,S,green,23.03407256,14.1234803
757,HanoiStreet RP-45,Outdoor,Activewear,M,silver,890.4549377,566.9526588
758,HanoiStreet RP-46,Outdoor,Activewear,L,pink,890.4549377,845.9321908
759,HanoiStreet RP-47,Outdoor,Activewear,XL,yellow,1901.465661,1048.658312
760,HanoiStreet RP-48,Outdoor,Activewear,S,red,1901.465661,1262.573199
761,HanoiStreet RP-49,Outdoor,Activewear,M,black,2220.597146,2109.567289
762,HanoiStreet RP-50,Outdoor,Activewear,L,orange,2220.597146,2109.567289
763,HanoiStreet RP-51,Outdoor,Activewear,XL,blue,3884.383135,2371.804342
764,HanoiStreet RP-52,Outdoor,Activewear,S,white,3884.383135,3601.600043
765,HanoiStreet RP-53,Outdoor,Activewear,M,purple,26.29270351,16.38853927
766,HanoiStreet RP-54,Outdoor,Activewear,L,green,44.79768618,25.22812019
767,HanoiStreet RP-55,Outdoor,Activewear,XL,silver,1148.819768,585.8980818
768,HanoiStreet RP-56,Outdoor,Activewear,S,pink,1148.819768,728.9261429
769,HanoiStreet RP-57,Outdoor,Activewear,M,yellow,3297.595237,1690.347319
770,HanoiStreet RP-58,Outdoor,Activewear,L,red,3297.595237,3096.441928
771,HanoiStreet RP-59,Outdoor,Activewear,XL,black,2015.37,1914.6015
772,HanoiStreet RP-60,Outdoor,Activewear,S,orange,2015.37,1835.397459
773,HanoiStreet RP-61,Outdoor,Activewear,M,blue,40.46214619,25.15056184
774,HanoiStreet RP-62,Outdoor,Activewear,L,white,22.39813961,14.35504051
775,HanoiStreet RP-63,Outdoor,Activewear,XL,purple,34.45771507,19.57089023
776,HanoiStreet RP-64,Outdoor,Activewear,S,green,44.7259938,25.66173272
777,HanoiStreet RP-65,Outdoor,Activewear,M,silver,1477.48895,1403.614502
778,HanoiStreet RP-66,Outdoor,Activewear,L,pink,1477.48895,1174.308217
779,HanoiStreet RP-67,Outdoor,Activewear,XL,yellow,3997.024413,3519.379995
780,HanoiStreet RP-68,Outdoor,Activewear,S,red,3997.024413,2058.467573
781,HanoiStreet RP-69,Outdoor,Activewear,M,black,1274.581869,845.3026954
782,HanoiStreet RP-70,Outdoor,Activewear,L,orange,1274.581869,1065.805359
783,HanoiStreet RP-71,Outdoor,Activewear,XL,blue,16.98342532,10.99064553
784,HanoiStreet RP-72,Outdoor,Activewear,S,white,41.15494446,23.3800291
785,HanoiStreet RP-73,Outdoor,Activewear,M,purple,699.7209572,441.2440356
786,HanoiStreet RP-74,Outdoor,Activewear,L,green,699.7209572,645.8424435
787,HanoiStreet RP-75,Outdoor,Activewear,XL,silver,3820.797598,3601.865896
788,HanoiStreet RP-76,Outdoor,Activewear,S,pink,3820.797598,2436.140548
789,HanoiStreet RP-77,Outdoor,Activewear,M,yellow,2708.37,2535.305157
790,HanoiStreet RP-78,Outdoor,Activewear,L,red,2708.37,1879.337943
791,HanoiStreet RP-79,Outdoor,Activewear,XL,black,811.8865137,584.9642331
792,HanoiStreet RP-80,Outdoor,Activewear,S,orange,811.8865137,649.265645
793,HanoiStreet RP-81,Outdoor,Activewear,M,blue,1012.756364,643.5053937
794,HanoiStreet RP-82,Outdoor,Activewear,L,white,1012.756364,962.1185459
795,HanoiStreet RP-83,Outdoor,Activewear,XL,purple,3338.27,1832.042576
796,HanoiStreet RP-84,Outdoor,Activewear,S,green,3338.27,3052.847915
2204,VietMotion RP-01,Outdoor,Activewear,S,white,1771.100769,1588.50028
2205,VietMotion RP-02,Outdoor,Activewear,M,purple,1771.100769,1682.545731
2206,VietMotion RP-03,Outdoor,Activewear,L,green,1254.473566,700.8743816
2207,VietMotion RP-04,Outdoor,Activewear,XL,silver,1254.473566,1191.749888
2208,VietMotion RP-05,Outdoor,Activewear,S,pink,25.4051141,16.14338784
2209,VietMotion RP-06,Outdoor,Activewear,M,yellow,41.60579529,24.93134858
2210,VietMotion RP-07,Outdoor,Activewear,L,red,1290.87,907.997958
2211,VietMotion RP-08,Outdoor,Activewear,XL,black,1290.87,790.916049
2212,VietMotion RP-09,Outdoor,Activewear,S,orange,1075.947169,854.517242
2213,VietMotion RP-10,Outdoor,Activewear,M,blue,1075.947169,753.7009922
2214,VietMotion RP-11,Outdoor,Activewear,L,white,4408.759137,4188.32118
2215,VietMotion RP-12,Outdoor,Activewear,XL,purple,4408.759137,3776.983952
2216,VietMotion RP-13,Outdoor,Activewear,S,green,24.40276236,14.02483141
2217,VietMotion RP-14,Outdoor,Activewear,M,silver,16.08757379,10.24899091
2218,VietMotion RP-15,Outdoor,Activewear,L,pink,1768.299924,1081.845894
2219,VietMotion RP-16,Outdoor,Activewear,XL,yellow,1768.299924,1679.884928
2220,VietMotion RP-17,Outdoor,Activewear,S,red,17.27020953,10.26766675
2221,VietMotion RP-18,Outdoor,Activewear,M,black,33.75855878,20.30515652
2222,VietMotion RP-19,Outdoor,Activewear,L,orange,2772.163007,1759.214644
2223,VietMotion RP-20,Outdoor,Activewear,XL,blue,2772.163007,2178.920123
2224,VietMotion RP-21,Outdoor,Activewear,S,white,768.1824234,443.2412583
2225,VietMotion RP-22,Outdoor,Activewear,M,purple,768.1824234,444.8544414
2226,VietMotion RP-23,Outdoor,Activewear,L,green,3905.37,3541.780053
2227,VietMotion RP-24,Outdoor,Activewear,XL,silver,3905.37,3396.109752
2228,VietMotion RP-25,Outdoor,Activewear,S,pink,36.74084212,21.52731682
2229,VietMotion RP-26,Outdoor,Activewear,M,yellow,23.06400899,14.05278732
2230,VietMotion RP-27,Outdoor,Activewear,L,red,42.75289804,24.21320587
2231,VietMotion RP-28,Outdoor,Activewear,XL,black,17.0370771,10.03668104
2232,VietMotion RP-29,Outdoor,Activewear,S,orange,32.25161374,20.86489874
2233,VietMotion RP-30,Outdoor,Activewear,M,blue,20.40119587,11.7472808
2234,VietMotion RP-31,Outdoor,Activewear,L,white,815.4618896,609.0684853
2235,VietMotion RP-32,Outdoor,Activewear,XL,purple,815.4618896,614.0428028
2236,VietMotion RP-33,Outdoor,Activewear,S,green,2193.029311,1526.787006
2237,VietMotion RP-34,Outdoor,Activewear,M,silver,2193.029311,1336.651365
2238,VietMotion RP-35,Outdoor,Activewear,L,pink,1546.069551,846.4730789
2239,VietMotion RP-36,Outdoor,Activewear,XL,yellow,1546.069551,1225.105512
2240,VietMotion RP-37,Outdoor,Activewear,S,red,1070.207349,1005.352784
2241,VietMotion RP-38,Outdoor,Activewear,M,black,1070.207349,622.6466359
2242,VietMotion RP-39,Outdoor,Activewear,L,orange,25.51497557,15.70889856
2243,VietMotion RP-40,Outdoor,Activewear,XL,blue,33.74929299,19.65960462
2244,VietMotion RP-41,Outdoor,Activewear,S,white,23.47262043,14.72548535
2245,VietMotion RP-42,Outdoor,Activewear,M,purple,28.39399793,15.98830151
2246,VietMotion RP-43,Outdoor,Activewear,L,green,1574.37,1030.740039
2247,VietMotion RP-44,Outdoor,Activewear,XL,silver,1574.37,850.1598
2248,VietMotion RP-45,Outdoor,Activewear,S,pink,49.52695782,32.0430554
2249,VietMotion RP-46,Outdoor,Activewear,M,yellow,26.29143583,15.65336757
2250,VietMotion RP-47,Outdoor,Activewear,L,red,1511.37,944.455113
2251,VietMotion RP-48,Outdoor,Activewear,XL,black,1511.37,1150.605981
2252,VietMotion RP-49,Outdoor,Activewear,S,orange,1621.553748,1087.413943
2253,VietMotion RP-50,Outdoor,Activewear,M,blue,1621.553748,1250.866561
2254,VietMotion RP-51,Outdoor,Activewear,L,white,715.6008718,486.6801529
2255,VietMotion RP-52,Outdoor,Activewear,XL,purple,715.6008718,679.8208282
2256,VietMotion RP-53,Outdoor,Activewear,S,green,46.25996244,26.5349479
2257,VietMotion RP-54,Outdoor,Activewear,M,silver,21.07562708,11.7464939
2258,VietMotion RP-55,Outdoor,Activewear,L,pink,40.93238959,23.20767395
2259,VietMotion RP-56,Outdoor,Activewear,XL,yellow,58.94633468,35.48436099
2260,VietMotion RP-57,Outdoor,Activewear,S,red,12.32145683,7.192038263
2261,VietMotion RP-58,Outdoor,Activewear,M,black,24.07663571,15.23782193
2262,VietMotion RP-59,Outdoor,Activewear,L,orange,3918.239569,3722.32759
2263,VietMotion RP-60,Outdoor,Activewear,XL,blue,3918.239569,3722.32759
2264,VietMotion RP-61,Outdoor,Activewear,S,white,41.71366825,24.73990746
2265,VietMotion RP-62,Outdoor,Activewear,M,purple,30.53219942,17.55208906
2266,VietMotion RP-63,Outdoor,Activewear,L,green,38.41539725,23.49925547
2267,VietMotion RP-64,Outdoor,Activewear,XL,silver,26.00804531,16.14261431
46,DragonWear RP-01,Outdoor,Activewear,L,green,34.28253069,19.42805381
47,DragonWear RP-02,Outdoor,Activewear,XL,silver,31.11621624,17.63548651
48,DragonWear RP-03,Outdoor,Activewear,S,pink,786.87,404.293806
49,DragonWear RP-04,Outdoor,Activewear,M,yellow,786.87,401.854509
50,DragonWear RP-05,Outdoor,Activewear,L,red,52.83177583,29.25121837
51,DragonWear RP-06,Outdoor,Activewear,XL,black,36.66300972,22.86452677
52,DragonWear RP-07,Outdoor,Activewear,S,orange,4094.37,3531.803562
53,DragonWear RP-08,Outdoor,Activewear,M,blue,4094.37,3586.66812
54,DragonWear RP-09,Outdoor,Activewear,L,white,4890.186,3904.324502
55,DragonWear RP-10,Outdoor,Activewear,XL,purple,4890.186,4645.6767
56,DragonWear RP-11,Outdoor,Activewear,S,green,3676.279091,3492.465136
57,DragonWear RP-12,Outdoor,Activewear,M,silver,3676.279091,3492.465136
58,DragonWear RP-13,Outdoor,Activewear,L,pink,4325.34375,3115.112569
59,DragonWear RP-14,Outdoor,Activewear,XL,yellow,4325.34375,3585.709969
60,DragonWear RP-15,Outdoor,Activewear,S,red,4703.16,4129.844796
61,DragonWear RP-16,Outdoor,Activewear,M,black,4703.16,3495.388512
62,DragonWear RP-17,Outdoor,Activewear,L,orange,4800.533684,2974.410671
63,DragonWear RP-18,Outdoor,Activewear,XL,blue,4800.533684,4293.117274
64,DragonWear RP-19,Outdoor,Activewear,S,white,3779.37,3590.4015
65,DragonWear RP-20,Outdoor,Activewear,M,purple,3779.37,3427.132716
66,DragonWear RP-21,Outdoor,Activewear,L,green,5043.402,4791.2319
67,DragonWear RP-22,Outdoor,Activewear,XL,silver,5043.402,4436.176399
213,LotusWear RP-01,Outdoor,Activewear,M,blue,37.90340936,23.36292062
214,LotusWear RP-02,Outdoor,Activewear,L,white,28.08538161,16.77997881
215,LotusWear RP-03,Outdoor,Activewear,XL,purple,27.24738383,17.28620473
216,LotusWear RP-04,Outdoor,Activewear,S,green,27.85400396,17.56381614
217,LotusWear RP-05,Outdoor,Activewear,M,silver,38.77519961,23.59608302
218,LotusWear RP-06,Outdoor,Activewear,L,pink,27.98325254,17.82049435
219,LotusWear RP-07,Outdoor,Activewear,XL,yellow,37.18516691,21.21726578
220,LotusWear RP-08,Outdoor,Activewear,S,red,75.95646289,42.62615643
221,LotusWear RP-09,Outdoor,Activewear,M,black,46.92027484,27.07182375
222,LotusWear RP-10,Outdoor,Activewear,L,orange,29.06662437,16.15257562
392,SaigonFlex RP-01,Outdoor,Activewear,S,orange,6126.75,5820.4125
393,SaigonFlex RP-02,Outdoor,Activewear,M,blue,6126.75,5586.983325
1055,MekongFit RP-01,Outdoor,Activewear,XL,purple,755.37,717.6015
1056,MekongFit RP-02,Outdoor,Activewear,S,green,755.37,662.686101
1057,MekongFit RP-03,Outdoor,Activewear,M,silver,1607.822632,1036.884815
1058,MekongFit RP-04,Outdoor,Activewear,L,pink,1607.822632,1527.4315
1059,MekongFit RP-05,Outdoor,Activewear,XL,yellow,1979.360664,1058.364147
1060,MekongFit RP-06,Outdoor,Activewear,S,red,1979.360664,1361.800137
1061,MekongFit RP-07,Outdoor,Activewear,M,black,1800.495665,1624.22714
1062,MekongFit RP-08,Outdoor,Activewear,L,orange,1800.495665,1710.470882
1063,MekongFit RP-09,Outdoor,Activewear,XL,blue,1960.245,1862.23275
1064,MekongFit RP-10,Outdoor,Activewear,S,white,1960.245,1605.832704
1065,MekongFit RP-11,Outdoor,Activewear,M,purple,3731.974913,2473.179775
1066,MekongFit RP-12,Outdoor,Activewear,L,green,3731.974913,3311.008143
1067,MekongFit RP-13,Outdoor,Activewear,XL,silver,4881.87,4623.619077
1068,MekongFit RP-14,Outdoor,Activewear,S,pink,4881.87,4637.7765
1069,MekongFit RP-15,Outdoor,Activewear,M,yellow,1889.37,1137.589677
1070,MekongFit RP-16,Outdoor,Activewear,L,red,1889.37,1530.767574
1071,MekongFit RP-17,Outdoor,Activewear,XL,black,53.54302674,32.29270713
1072,MekongFit RP-18,Outdoor,Activewear,S,orange,28.12812177,18.10496287
1073,MekongFit RP-19,Outdoor,Activewear,M,blue,2834.37,2692.6515
1074,MekongFit RP-20,Outdoor,Activewear,L,white,2834.37,2536.477713
1075,MekongFit RP-21,Outdoor,Activewear,XL,purple,3114.108806,1652.034722
1076,MekongFit RP-22,Outdoor,Activewear,S,green,3114.108806,2258.663117
1077,MekongFit RP-23,Outdoor,Activewear,M,silver,4317.599358,4101.71939
1078,MekongFit RP-24,Outdoor,Activewear,L,pink,4317.599358,3338.367823
1079,MekongFit RP-25,Outdoor,Activewear,XL,yellow,3149.37,2125.82475
1080,MekongFit RP-26,Outdoor,Activewear,S,red,3149.37,2653.974099
1081,MekongFit RP-27,Outdoor,Activewear,M,black,2782.730656,2487.20466
1082,MekongFit RP-28,Outdoor,Activewear,L,orange,2782.730656,2043.915667
1083,MekongFit RP-29,Outdoor,Activewear,XL,blue,14.65454001,8.117653156
1084,MekongFit RP-30,Outdoor,Activewear,S,white,22.12626746,12.43963077
1085,MekongFit RP-31,Outdoor,Activewear,M,purple,1139.500596,895.8753686
1086,MekongFit RP-32,Outdoor,Activewear,L,green,1139.500596,846.3070927
1087,MekongFit RP-33,Outdoor,Activewear,XL,silver,3432.87,2542.726809
1088,MekongFit RP-34,Outdoor,Activewear,S,pink,3432.87,2650.17564
1089,MekongFit RP-35,Outdoor,Activewear,M,yellow,4610.97,2548.022022
1090,MekongFit RP-36,Outdoor,Activewear,L,red,4610.97,4380.4215
1091,MekongFit RP-37,Outdoor,Activewear,XL,black,2116.288125,1165.228242
1092,MekongFit RP-38,Outdoor,Activewear,S,orange,2116.288125,1846.673018
1093,MekongFit RP-39,Outdoor,Activewear,M,blue,711.0279926,525.0230697
1094,MekongFit RP-40,Outdoor,Activewear,L,white,711.0279926,608.2133448
1095,MekongFit RP-41,Outdoor,Activewear,XL,purple,1480.693529,1383.115826
1096,MekongFit RP-42,Outdoor,Activewear,S,green,1480.693529,873.7572517
1097,MekongFit RP-43,Outdoor,Activewear,M,silver,3724.014216,3064.118897
1098,MekongFit RP-44,Outdoor,Activewear,L,pink,3724.014216,3151.633231
1099,MekongFit RP-45,Outdoor,Activewear,XL,yellow,497.07,249.280605
1100,MekongFit RP-46,Outdoor,Activewear,S,red,497.07,346.308669
1101,MekongFit RP-47,Outdoor,Activewear,M,black,2676.87,1384.744851
1102,MekongFit RP-48,Outdoor,Activewear,L,orange,2676.87,2543.0265
1103,MekongFit RP-49,Outdoor,Activewear,XL,blue,1792.702357,1145.895347
1104,MekongFit RP-50,Outdoor,Activewear,S,white,1792.702357,1703.067239
1105,MekongFit RP-51,Outdoor,Activewear,M,purple,3028.62,2877.189
1106,MekongFit RP-52,Outdoor,Activewear,L,green,3028.62,2278.430826
1107,MekongFit RP-53,Outdoor,Activewear,XL,silver,1920.87,1824.8265
1108,MekongFit RP-54,Outdoor,Activewear,S,pink,1920.87,1074.150504
1109,MekongFit RP-55,Outdoor,Activewear,M,yellow,2555.286667,2320.711351
1110,MekongFit RP-56,Outdoor,Activewear,L,red,2555.286667,2427.522333
1111,MekongFit RP-57,Outdoor,Activewear,XL,black,1422.874027,1286.27812
1112,MekongFit RP-58,Outdoor,Activewear,S,orange,1422.874027,1014.224606
1732,SaigonCore RP-01,Outdoor,Activewear,S,orange,5354.37,5086.6515
1733,SaigonCore RP-02,Outdoor,Activewear,M,blue,5354.37,3965.446422
1734,SaigonCore RP-03,Outdoor,Activewear,L,white,5398.47,3692.013633
1735,SaigonCore RP-04,Outdoor,Activewear,XL,purple,5398.47,3275.791596
1736,SaigonCore RP-05,Outdoor,Activewear,S,green,15.66898423,9.32649127
1737,SaigonCore RP-06,Outdoor,Activewear,M,silver,28.77176736,18.51139552
1738,SaigonCore RP-07,Outdoor,Activewear,L,pink,33.36032607,19.40288641
1739,SaigonCore RP-08,Outdoor,Activewear,XL,yellow,64.75266933,38.89844892
1740,SaigonCore RP-09,Outdoor,Activewear,S,red,5414.745,3403.167233
1741,SaigonCore RP-10,Outdoor,Activewear,M,black,5414.745,5144.00775
1742,SaigonCore RP-11,Outdoor,Activewear,L,orange,3464.37,2540.422521
1743,SaigonCore RP-12,Outdoor,Activewear,XL,blue,3464.37,3142.18359
1744,SaigonCore RP-13,Outdoor,Activewear,S,white,5217.507931,4956.632534
1745,SaigonCore RP-14,Outdoor,Activewear,M,purple,5217.507931,3797.302272
1926,UrbanVN RP-01,Outdoor,Activewear,L,green,1137.860281,1058.437633
1927,UrbanVN RP-02,Outdoor,Activewear,XL,silver,1137.860281,1080.967267
1928,UrbanVN RP-03,Outdoor,Activewear,S,pink,37.7419025,20.91495026
1929,UrbanVN RP-04,Outdoor,Activewear,M,yellow,30.33674817,17.13523653
1930,UrbanVN RP-05,Outdoor,Activewear,L,red,46.1437827,29.93176508
1931,UrbanVN RP-06,Outdoor,Activewear,XL,black,13.67467903,8.840842303
1932,UrbanVN RP-07,Outdoor,Activewear,S,orange,5291.37,2847.286197
1933,UrbanVN RP-08,Outdoor,Activewear,M,blue,5291.37,3064.232367
1934,UrbanVN RP-09,Outdoor,Activewear,L,white,1609.911509,1337.836464
1935,UrbanVN RP-10,Outdoor,Activewear,XL,purple,1609.911509,1048.696357
1936,UrbanVN RP-11,Outdoor,Activewear,S,green,3441.095709,2500.644251
1937,UrbanVN RP-12,Outdoor,Activewear,M,silver,3441.095709,3269.040923
1938,UrbanVN RP-13,Outdoor,Activewear,L,pink,3527.37,3268.461042
1939,UrbanVN RP-14,Outdoor,Activewear,XL,yellow,3527.37,1932.99876
1940,UrbanVN RP-15,Outdoor,Activewear,S,red,2011.357261,1582.334757
1941,UrbanVN RP-16,Outdoor,Activewear,M,black,2011.357261,1626.182346
1942,UrbanVN RP-17,Outdoor,Activewear,L,orange,1481.996825,1407.896984
1943,UrbanVN RP-18,Outdoor,Activewear,XL,blue,1481.996825,1063.777321
1944,UrbanVN RP-19,Outdoor,Activewear,S,white,36.38824647,20.03151128
1945,UrbanVN RP-20,Outdoor,Activewear,M,purple,45.07582526,29.08207407
1946,UrbanVN RP-21,Outdoor,Activewear,L,green,3369.87,2625.465717
1947,UrbanVN RP-22,Outdoor,Activewear,XL,silver,3369.87,2821.255164
1948,UrbanVN RP-23,Outdoor,Activewear,S,pink,3728.773125,2971.086426
1949,UrbanVN RP-24,Outdoor,Activewear,M,yellow,3728.773125,2876.748466
1950,UrbanVN RP-25,Outdoor,Activewear,L,red,4031.37,3108.589407
1951,UrbanVN RP-26,Outdoor,Activewear,XL,black,4031.37,3130.358805
1952,UrbanVN RP-27,Outdoor,Activewear,S,orange,18.33048465,11.25330438
1953,UrbanVN RP-28,Outdoor,Activewear,M,blue,52.32643105,33.32104376
1954,UrbanVN RP-29,Outdoor,Activewear,L,white,37.91696218,22.57856459
1955,UrbanVN RP-30,Outdoor,Activewear,XL,purple,28.04708863,16.8719955
1956,UrbanVN RP-31,Outdoor,Activewear,S,green,42.65364556,25.54461393
1957,UrbanVN RP-32,Outdoor,Activewear,M,silver,82.12784702,50.64712843
1958,UrbanVN RP-33,Outdoor,Activewear,L,pink,944.37,860.226633
1959,UrbanVN RP-34,Outdoor,Activewear,XL,yellow,944.37,782.221671
1960,UrbanVN RP-35,Outdoor,Activewear,S,red,1177.47,615.81681
1961,UrbanVN RP-36,Outdoor,Activewear,M,black,1177.47,861.90804
1962,UrbanVN RP-37,Outdoor,Activewear,L,orange,1794.87,1680.536781
1963,UrbanVN RP-38,Outdoor,Activewear,XL,blue,1794.87,1050.357924
1964,UrbanVN RP-39,Outdoor,Activewear,S,white,1070.37,1016.8515
1965,UrbanVN RP-40,Outdoor,Activewear,M,purple,1070.37,1016.8515
1966,UrbanVN RP-41,Outdoor,Activewear,L,green,2939.728362,1892.009174
1967,UrbanVN RP-42,Outdoor,Activewear,XL,silver,2939.728362,2792.741944
1968,UrbanVN RP-43,Outdoor,Activewear,S,pink,2865.87,2722.5765
1969,UrbanVN RP-44,Outdoor,Activewear,M,yellow,2865.87,2094.664383
1970,UrbanVN RP-45,Outdoor,Activewear,L,red,35.61427362,20.08520829
1971,UrbanVN RP-46,Outdoor,Activewear,XL,black,36.57219435,20.22432689
1972,UrbanVN RP-47,Outdoor,Activewear,S,orange,27.55697391,16.00489739
1973,UrbanVN RP-48,Outdoor,Activewear,M,blue,23.5720633,14.62571277
1974,UrbanVN RP-49,Outdoor,Activewear,L,white,692.3085965,657.6931667
1975,UrbanVN RP-50,Outdoor,Activewear,XL,purple,692.3085965,657.6931667
1976,UrbanVN RP-51,Outdoor,Activewear,S,green,46.16095573,26.32030048
1977,UrbanVN RP-52,Outdoor,Activewear,M,silver,23.5133059,14.51578053
1978,UrbanVN RP-53,Outdoor,Activewear,L,pink,3185.155714,1873.827107
1979,UrbanVN RP-54,Outdoor,Activewear,XL,yellow,3185.155714,1959.826311
1980,UrbanVN RP-55,Outdoor,Activewear,S,red,2026.078215,1593.307909
1981,UrbanVN RP-56,Outdoor,Activewear,M,black,2026.078215,1031.071204
2108,PhoenixWear RP-01,Outdoor,Activewear,S,pink,34.07713034,22.04760361
2109,PhoenixWear RP-02,Outdoor,Activewear,M,yellow,27.35603113,15.30269221
1309,VietMode RP-01,Outdoor,Activewear,M,yellow,3195.99,3036.1905
1310,VietMode RP-02,Outdoor,Activewear,L,red,3195.99,1813.724325
1311,VietMode RP-03,Outdoor,Activewear,XL,black,40.10864633,24.75747153
1312,VietMode RP-04,Outdoor,Activewear,S,orange,37.84371221,22.49335727
1313,VietMode RP-05,Outdoor,Activewear,M,blue,3630.634737,2266.96833
1314,VietMode RP-06,Outdoor,Activewear,L,white,3630.634737,3449.103
1315,VietMode RP-07,Outdoor,Activewear,XL,purple,4409.278125,2546.799045
1316,VietMode RP-08,Outdoor,Activewear,S,green,4409.278125,4104.156079
1317,VietMode RP-09,Outdoor,Activewear,M,silver,3944.035455,3586.705842
1318,VietMode RP-10,Outdoor,Activewear,L,pink,3944.035455,2028.023031
1319,VietMode RP-11,Outdoor,Activewear,XL,yellow,4481.563026,2574.209802
1320,VietMode RP-12,Outdoor,Activewear,S,red,4481.563026,4257.484875
1321,VietMode RP-13,Outdoor,Activewear,M,black,50.14987278,31.93615239
1322,VietMode RP-14,Outdoor,Activewear,L,orange,27.00422784,15.33070464
1323,VietMode RP-15,Outdoor,Activewear,XL,blue,29.72683062,18.40871428
1324,VietMode RP-16,Outdoor,Activewear,S,white,22.38731522,14.18933849
1325,VietMode RP-17,Outdoor,Activewear,M,purple,4781.390943,2627.852462
1326,VietMode RP-18,Outdoor,Activewear,L,green,4781.390943,4542.321396
1327,VietMode RP-19,Outdoor,Activewear,XL,silver,27.72356285,17.86676674
1328,VietMode RP-20,Outdoor,Activewear,S,pink,38.51008662,23.81174172
1329,VietMode RP-21,Outdoor,Activewear,M,yellow,1652.259512,1569.646537
1330,VietMode RP-22,Outdoor,Activewear,L,red,1652.259512,846.617774
1331,VietMode RP-23,Outdoor,Activewear,XL,black,5140.902162,4883.857054
1332,VietMode RP-24,Outdoor,Activewear,S,orange,5140.902162,2764.777183
1333,VietMode RP-25,Outdoor,Activewear,M,blue,44.82631909,26.88312696
1334,VietMode RP-26,Outdoor,Activewear,L,white,22.89993038,14.00982759
1335,VietMode RP-27,Outdoor,Activewear,XL,purple,4912.74,3845.692872
1336,VietMode RP-28,Outdoor,Activewear,S,green,4912.74,4197.93633
1337,VietMode RP-29,Outdoor,Activewear,M,silver,46.8917788,29.86492838
1338,VietMode RP-30,Outdoor,Activewear,L,pink,56.95463897,34.57493865
1339,VietMode RP-31,Outdoor,Activewear,XL,yellow,2933.641534,1483.542524
1340,VietMode RP-32,Outdoor,Activewear,S,red,2933.641534,2571.336805
1341,VietMode RP-33,Outdoor,Activewear,M,black,3970.807826,3772.267435
1342,VietMode RP-34,Outdoor,Activewear,L,orange,3970.807826,3772.267435
1343,VietMode RP-35,Outdoor,Activewear,XL,blue,3883.172432,3069.259491
1344,VietMode RP-36,Outdoor,Activewear,S,white,3883.172432,2469.30935
1345,VietMode RP-37,Outdoor,Activewear,M,purple,3778.74,2908.874052
1346,VietMode RP-38,Outdoor,Activewear,L,green,3778.74,3499.868988
1347,VietMode RP-39,Outdoor,Activewear,XL,silver,3892.450866,3697.828323
1348,VietMode RP-40,Outdoor,Activewear,S,pink,3892.450866,3079.707125
1349,VietMode RP-41,Outdoor,Activewear,M,yellow,4740.946657,4172.507153
1350,VietMode RP-42,Outdoor,Activewear,L,red,4740.946657,4503.899325
1351,VietMode RP-43,Outdoor,Activewear,XL,black,3944.34,3610.254402
1352,VietMode RP-44,Outdoor,Activewear,S,orange,3944.34,3006.770382
1353,VietMode RP-45,Outdoor,Activewear,M,blue,4440.24,3652.0974
1354,VietMode RP-46,Outdoor,Activewear,L,white,4440.24,2478.541968
1355,VietMode RP-47,Outdoor,Activewear,XL,purple,39.07074438,21.60763391
1356,VietMode RP-48,Outdoor,Activewear,S,green,70.15578891,45.11682792
1357,VietMode RP-49,Outdoor,Activewear,M,silver,6070.517727,3428.628412
1358,VietMode RP-50,Outdoor,Activewear,L,pink,6070.517727,5023.353419
1359,VietMode RP-51,Outdoor,Activewear,XL,yellow,4629.24,2730.788676
1360,VietMode RP-52,Outdoor,Activewear,S,red,4629.24,4397.778
1361,VietMode RP-53,Outdoor,Activewear,M,black,4524.5025,2532.364049
1362,VietMode RP-54,Outdoor,Activewear,L,orange,4524.5025,4298.277375
1363,VietMode RP-55,Outdoor,Activewear,XL,blue,2455.74,2220.971256
1364,VietMode RP-56,Outdoor,Activewear,S,white,2455.74,1855.31157
1365,VietMode RP-57,Outdoor,Activewear,M,purple,24.30019367,15.04066988
1366,VietMode RP-58,Outdoor,Activewear,L,green,20.12852813,12.43241234
1367,VietMode RP-59,Outdoor,Activewear,XL,silver,16.25681004,9.291864521
1368,VietMode RP-60,Outdoor,Activewear,S,pink,60.24488814,37.10413662
1369,VietMode RP-61,Outdoor,Activewear,M,yellow,5983.853077,5684.660423
1370,VietMode RP-62,Outdoor,Activewear,L,red,5983.853077,3805.730557
1371,VietMode RP-63,Outdoor,Activewear,XL,black,43.02349073,25.35746206
1372,VietMode RP-64,Outdoor,Activewear,S,orange,32.38729226,19.92217802
1373,VietMode RP-65,Outdoor,Activewear,M,blue,3841.74,3307.73814
1374,VietMode RP-66,Outdoor,Activewear,L,white,3841.74,3561.677154
1375,VietMode RP-67,Outdoor,Activewear,XL,purple,5807.167753,5516.809365
1376,VietMode RP-68,Outdoor,Activewear,S,green,5807.167753,3354.220094
1377,VietMode RP-69,Outdoor,Activewear,M,silver,37.03959407,20.766593
1378,VietMode RP-70,Outdoor,Activewear,L,pink,21.11121427,12.99995916
1379,VietMode RP-71,Outdoor,Activewear,XL,yellow,3967.74,3426.540264
1380,VietMode RP-72,Outdoor,Activewear,S,red,3967.74,3769.353
1381,VietMode RP-73,Outdoor,Activewear,M,black,4473.84,4250.148
1382,VietMode RP-74,Outdoor,Activewear,L,orange,4473.84,2538.9042
1383,VietMode RP-75,Outdoor,Activewear,XL,blue,4080.615,2290.041138
1384,VietMode RP-76,Outdoor,Activewear,S,white,4080.615,3104.123831
1385,VietMode RP-77,Outdoor,Activewear,M,purple,4156.74,2845.28853
1386,VietMode RP-78,Outdoor,Activewear,L,green,4156.74,3322.482282
1387,VietMode RP-79,Outdoor,Activewear,XL,silver,4471.74,4248.153
1388,VietMode RP-80,Outdoor,Activewear,S,pink,4471.74,4248.153
1389,VietMode RP-81,Outdoor,Activewear,M,yellow,4912.74,3875.169312
1390,VietMode RP-82,Outdoor,Activewear,L,red,4912.74,3997.005264
1391,VietMode RP-83,Outdoor,Activewear,XL,black,2068.320276,1416.799389
1392,VietMode RP-84,Outdoor,Activewear,S,orange,2068.320276,1296.423149
1393,VietMode RP-85,Outdoor,Activewear,M,blue,4564.067586,2666.328284
1394,VietMode RP-86,Outdoor,Activewear,L,white,4564.067586,3732.950879
1395,VietMode RP-87,Outdoor,Activewear,XL,purple,4629.24,3204.359928
1396,VietMode RP-88,Outdoor,Activewear,S,green,4629.24,2849.29722
1397,VietMode RP-89,Outdoor,Activewear,M,silver,4178.16,3969.252
1398,VietMode RP-90,Outdoor,Activewear,L,pink,4178.16,3876.496848
1399,VietMode RP-91,Outdoor,Activewear,XL,yellow,88.08487091,57.2500019
1400,VietMode RP-92,Outdoor,Activewear,S,red,34.87214848,19.3478074
1401,VietMode RP-93,Outdoor,Activewear,M,black,4771.62,3444.155316
1402,VietMode RP-94,Outdoor,Activewear,L,orange,4771.62,4533.039
1403,VietMode RP-95,Outdoor,Activewear,XL,blue,34.59668672,22.40887661
1404,VietMode RP-96,Outdoor,Activewear,S,white,44.26997356,26.14986593
1405,VietMode RP-97,Outdoor,Activewear,M,purple,4692.24,4457.628
1406,VietMode RP-98,Outdoor,Activewear,L,green,4692.24,2373.804216
1407,VietMode RP-99,Outdoor,Activewear,XL,silver,5076.210588,4041.171249
1408,VietMode RP-00,Outdoor,Activewear,S,pink,5076.210588,4212.239546
1409,VietMode RP-01,Outdoor,Activewear,M,yellow,1233.54,878.033772
1410,VietMode RP-02,Outdoor,Activewear,L,red,1233.54,706.941774
1411,VietMode RP-03,Outdoor,Activewear,XL,black,3054.87,2843.778483
1412,VietMode RP-04,Outdoor,Activewear,S,orange,3054.87,1714.087557
1413,VietMode RP-05,Outdoor,Activewear,M,blue,4678.334595,4099.624605
1414,VietMode RP-06,Outdoor,Activewear,L,white,4678.334595,4444.417865
1415,VietMode RP-07,Outdoor,Activewear,XL,purple,5668.74,3382.537158
1416,VietMode RP-08,Outdoor,Activewear,S,green,5668.74,4769.677836
1417,VietMode RP-09,Outdoor,Activewear,M,silver,3778.74,1940.760864
1418,VietMode RP-10,Outdoor,Activewear,L,pink,3778.74,2748.277602
1419,VietMode RP-11,Outdoor,Activewear,XL,yellow,5669.150233,4481.463259
1420,VietMode RP-12,Outdoor,Activewear,S,red,5669.150233,5128.3133
1421,VietMode RP-13,Outdoor,Activewear,M,black,5164.74,3993.893442
1422,VietMode RP-14,Outdoor,Activewear,L,orange,5164.74,3624.098058
1423,VietMode RP-15,Outdoor,Activewear,XL,blue,4409.37,3329.515287
1424,VietMode RP-16,Outdoor,Activewear,S,white,4409.37,4188.9015
1425,VietMode RP-17,Outdoor,Activewear,M,purple,3680.236656,2233.535626
1426,VietMode RP-18,Outdoor,Activewear,L,green,3680.236656,1877.288718
1427,VietMode RP-19,Outdoor,Activewear,XL,silver,40.14121824,25.57298046
1428,VietMode RP-20,Outdoor,Activewear,S,pink,36.217905,22.75348406
1429,VietMode RP-21,Outdoor,Activewear,M,yellow,3603.832105,2048.418169
1430,VietMode RP-22,Outdoor,Activewear,L,red,3603.832105,2923.068221
1431,VietMode RP-23,Outdoor,Activewear,XL,black,4093.74,2673.21222
1432,VietMode RP-24,Outdoor,Activewear,S,orange,4093.74,3889.053
1433,VietMode RP-25,Outdoor,Activewear,M,blue,4346.329469,4129.012995
1434,VietMode RP-26,Outdoor,Activewear,L,white,4346.329469,2982.885914
1435,VietMode RP-27,Outdoor,Activewear,XL,purple,4004.843365,3125.379762
1436,VietMode RP-28,Outdoor,Activewear,S,green,4004.843365,2924.73711
1437,VietMode RP-29,Outdoor,Activewear,M,silver,24.1385517,14.64489857
1438,VietMode RP-30,Outdoor,Activewear,L,pink,39.98831726,24.94650862
1439,VietMode RP-31,Outdoor,Activewear,XL,yellow,4425.073333,2278.912767
1440,VietMode RP-32,Outdoor,Activewear,S,red,4425.073333,4203.819667
1441,VietMode RP-33,Outdoor,Activewear,M,black,5598.43157,3174.870543
1442,VietMode RP-34,Outdoor,Activewear,L,orange,5598.43157,3566.20091
1443,VietMode RP-35,Outdoor,Activewear,XL,blue,1348.779823,1048.81119
1444,VietMode RP-36,Outdoor,Activewear,S,white,1348.779823,1281.340832
1445,VietMode RP-37,Outdoor,Activewear,M,purple,70.30267143,44.84266837
1446,VietMode RP-38,Outdoor,Activewear,L,green,56.7223333,33.48966151
1447,VietMode RP-39,Outdoor,Activewear,XL,silver,1699.74,1614.753
1448,VietMode RP-40,Outdoor,Activewear,S,pink,1699.74,1242.50994
1449,VietMode RP-41,Outdoor,Activewear,M,yellow,1802.115,1575.769356
1450,VietMode RP-42,Outdoor,Activewear,L,red,1802.115,1309.056336
1451,VietMode RP-43,Outdoor,Activewear,XL,black,4603.797692,4373.607808
1452,VietMode RP-44,Outdoor,Activewear,S,orange,4603.797692,4373.607808
1453,VietMode RP-45,Outdoor,Activewear,M,blue,4981.022209,3912.592945
1454,VietMode RP-46,Outdoor,Activewear,L,white,4981.022209,4693.119125
1455,VietMode RP-47,Outdoor,Activewear,XL,purple,62.63189484,36.49581282
1456,VietMode RP-48,Outdoor,Activewear,S,green,26.99127672,16.64712198
1457,VietMode RP-49,Outdoor,Activewear,M,silver,4912.74,4167.968616
1458,VietMode RP-50,Outdoor,Activewear,L,pink,4912.74,4573.269666
1459,VietMode RP-51,Outdoor,Activewear,XL,yellow,5669.055,4710.984705
1460,VietMode RP-52,Outdoor,Activewear,S,red,5669.055,3895.207691
1461,VietMode RP-53,Outdoor,Activewear,M,black,22.29044412,14.06046875
1462,VietMode RP-54,Outdoor,Activewear,L,orange,31.49047855,19.72023557
1463,VietMode RP-55,Outdoor,Activewear,XL,blue,3275.37,2244.283524
1464,VietMode RP-56,Outdoor,Activewear,S,white,3275.37,2097.874485
1465,VietMode RP-57,Outdoor,Activewear,M,purple,2802.24,1672.096608
1466,VietMode RP-58,Outdoor,Activewear,L,green,2802.24,1524.138336
1467,VietMode RP-59,Outdoor,Activewear,XL,silver,5448.87,5056.55136
1468,VietMode RP-60,Outdoor,Activewear,S,pink,5448.87,2760.942429
1469,VietMode RP-61,Outdoor,Activewear,M,yellow,5963.987647,4995.436053
1470,VietMode RP-62,Outdoor,Activewear,L,red,5963.987647,5665.788265
1471,VietMode RP-63,Outdoor,Activewear,XL,black,3202.949302,2458.904179
1472,VietMode RP-64,Outdoor,Activewear,S,orange,3202.949302,2647.237598
1473,VietMode RP-65,Outdoor,Activewear,M,blue,4111.74,2674.68687
1474,VietMode RP-66,Outdoor,Activewear,L,white,4111.74,3318.996528
1475,VietMode RP-67,Outdoor,Activewear,XL,purple,33.86188227,21.32558243
1476,VietMode RP-68,Outdoor,Activewear,S,green,51.29927438,30.44911171
1477,VietMode RP-69,Outdoor,Activewear,M,silver,4030.74,2267.694324
1478,VietMode RP-70,Outdoor,Activewear,L,pink,4030.74,3829.203
1479,VietMode RP-71,Outdoor,Activewear,XL,yellow,4469.567586,2982.54245
1480,VietMode RP-72,Outdoor,Activewear,S,red,4469.567586,3598.001907
1481,VietMode RP-73,Outdoor,Activewear,M,black,5051.437674,4798.865791
1482,VietMode RP-74,Outdoor,Activewear,L,orange,5051.437674,3821.917744
1483,VietMode RP-75,Outdoor,Activewear,XL,blue,984.4328571,641.554893
1484,VietMode RP-76,Outdoor,Activewear,S,white,984.4328571,935.2112143
1485,VietMode RP-77,Outdoor,Activewear,M,purple,4230.24,2410.813776
1486,VietMode RP-78,Outdoor,Activewear,L,green,4230.24,4018.728
1487,VietMode RP-79,Outdoor,Activewear,XL,silver,6219.408462,5908.438038
1488,VietMode RP-80,Outdoor,Activewear,S,pink,6219.408462,5736.160424
1489,VietMode RP-81,Outdoor,Activewear,M,yellow,3248.54716,2722.28252
1490,VietMode RP-82,Outdoor,Activewear,L,red,3248.54716,3086.119802
1491,VietMode RP-83,Outdoor,Activewear,XL,black,3652.74,2082.0618
1492,VietMode RP-84,Outdoor,Activewear,S,orange,3652.74,2041.516386
1493,VietMode RP-85,Outdoor,Activewear,M,blue,4610.885236,3650.89893
1494,VietMode RP-86,Outdoor,Activewear,L,white,4610.885236,2685.84065
1495,VietMode RP-87,Outdoor,Activewear,XL,purple,4625.33931,4394.072345
1496,VietMode RP-88,Outdoor,Activewear,S,green,4625.33931,2817.294174
1497,VietMode RP-89,Outdoor,Activewear,M,silver,5669.37,5385.9015
1498,VietMode RP-90,Outdoor,Activewear,L,pink,5669.37,3994.071165
1499,VietMode RP-91,Outdoor,Activewear,XL,yellow,16.82749487,10.63133229
1500,VietMode RP-92,Outdoor,Activewear,S,red,61.0577494,34.31573161
1501,VietMode RP-93,Outdoor,Activewear,M,black,4400.34,3290.134218
1502,VietMode RP-94,Outdoor,Activewear,L,orange,4400.34,2938.107018
1503,VietMode RP-95,Outdoor,Activewear,XL,blue,4245.681176,3343.898495
1504,VietMode RP-96,Outdoor,Activewear,S,white,4245.681176,3142.653207
1505,VietMode RP-97,Outdoor,Activewear,M,purple,31.08722119,18.79063696
1506,VietMode RP-98,Outdoor,Activewear,L,green,27.91732802,15.37060705
1507,VietMode RP-99,Outdoor,Activewear,XL,silver,1537.08912,860.3087805
1508,VietMode RP-00,Outdoor,Activewear,S,pink,1537.08912,1460.234664
1509,VietMode RP-01,Outdoor,Activewear,M,yellow,22.09073412,12.86693769
1510,VietMode RP-02,Outdoor,Activewear,L,red,17.08254755,10.02141081
1511,VietMode RP-03,Outdoor,Activewear,XL,black,4566.24,4337.928
1512,VietMode RP-04,Outdoor,Activewear,S,orange,4566.24,3794.54544
1513,VietMode RP-05,Outdoor,Activewear,M,blue,4848.653793,2439.357723
1514,VietMode RP-06,Outdoor,Activewear,L,white,4848.653793,4606.221103
1515,VietMode RP-07,Outdoor,Activewear,XL,purple,46.02884355,27.13940103
1516,VietMode RP-08,Outdoor,Activewear,S,green,34.10101628,21.12717281
1517,VietMode RP-09,Outdoor,Activewear,M,silver,2317.901162,1762.068464
1518,VietMode RP-10,Outdoor,Activewear,L,pink,2317.901162,2173.26413
1519,VietMode RP-11,Outdoor,Activewear,XL,yellow,2622.890265,2278.504773
1520,VietMode RP-12,Outdoor,Activewear,S,red,2622.890265,2491.745752
1521,VietMode RP-13,Outdoor,Activewear,M,black,6298.74,4021.74549
1522,VietMode RP-14,Outdoor,Activewear,L,orange,6298.74,5983.803
1523,VietMode RP-15,Outdoor,Activewear,XL,blue,4011.274505,3810.71078
1524,VietMode RP-16,Outdoor,Activewear,S,white,4011.274505,2500.227399
1525,VietMode RP-17,Outdoor,Activewear,M,purple,19.76703478,11.63993328
1526,VietMode RP-18,Outdoor,Activewear,L,green,19.72661011,11.73475597
1527,VietMode RP-19,Outdoor,Activewear,XL,silver,4448.66625,4226.232937
1528,VietMode RP-20,Outdoor,Activewear,S,pink,4448.66625,3015.750851
1529,VietMode RP-21,Outdoor,Activewear,M,yellow,4668.841973,4435.399874
1530,VietMode RP-22,Outdoor,Activewear,L,red,4668.841973,3285.464096
1531,VietMode RP-23,Outdoor,Activewear,XL,black,5354.37,2882.257371
1532,VietMode RP-24,Outdoor,Activewear,S,orange,5354.37,5086.6515
1533,VietMode RP-25,Outdoor,Activewear,M,blue,28.95335597,16.61211576
1534,VietMode RP-26,Outdoor,Activewear,L,white,64.56087713,37.91822873
1535,VietMode RP-27,Outdoor,Activewear,XL,purple,29.8493618,17.09553432
1536,VietMode RP-28,Outdoor,Activewear,S,green,18.15131153,10.11608154
1537,VietMode RP-29,Outdoor,Activewear,M,silver,30.01516561,18.31960203
1538,VietMode RP-30,Outdoor,Activewear,L,pink,29.69297756,18.31526042
1539,VietMode RP-31,Outdoor,Activewear,XL,yellow,4534.74,4308.003
1540,VietMode RP-32,Outdoor,Activewear,S,red,4534.74,2815.620066
1541,VietMode RP-33,Outdoor,Activewear,M,black,4865.717011,4089.635148
1542,VietMode RP-34,Outdoor,Activewear,L,orange,4865.717011,4293.995262
1543,VietMode RP-35,Outdoor,Activewear,XL,blue,4093.74,2254.013244
1544,VietMode RP-36,Outdoor,Activewear,S,white,4093.74,3134.576718
1545,VietMode RP-37,Outdoor,Activewear,M,purple,4695.103636,2763.538
1546,VietMode RP-38,Outdoor,Activewear,L,green,4695.103636,3569.687295
1547,VietMode RP-39,Outdoor,Activewear,XL,silver,4241.653043,3226.62547
1548,VietMode RP-40,Outdoor,Activewear,S,pink,4241.653043,3493.001281
1549,VietMode RP-41,Outdoor,Activewear,M,yellow,5038.74,4786.803
1550,VietMode RP-42,Outdoor,Activewear,L,red,5038.74,2568.245778
1551,VietMode RP-43,Outdoor,Activewear,XL,black,5038.74,4786.803
1552,VietMode RP-44,Outdoor,Activewear,S,orange,5038.74,4378.161186
1553,VietMode RP-45,Outdoor,Activewear,M,blue,11.25987299,6.890468405
1554,VietMode RP-46,Outdoor,Activewear,L,white,32.40400588,19.32410961
1555,VietMode RP-47,Outdoor,Activewear,XL,purple,3716.37,2789.878959
1556,VietMode RP-48,Outdoor,Activewear,S,green,3716.37,3061.173969
1557,VietMode RP-49,Outdoor,Activewear,M,silver,5479.74,3912.53436
1558,VietMode RP-50,Outdoor,Activewear,L,pink,5479.74,5205.753
1559,VietMode RP-51,Outdoor,Activewear,XL,yellow,4556.323333,4328.507167
1560,VietMode RP-52,Outdoor,Activewear,S,red,4556.323333,3423.16572
1561,VietMode RP-53,Outdoor,Activewear,M,black,4970.07,4721.5665
1562,VietMode RP-54,Outdoor,Activewear,L,orange,4970.07,2879.658558
1233,VietMode MP-01,Casual,Activewear,M,blue,30.19348546,17.75312265
1234,VietMode MP-02,Casual,Activewear,L,white,43.74960333,27.8393323
1235,VietMode MP-03,Casual,Activewear,XL,purple,5794.74,5505.003
1236,VietMode MP-04,Casual,Activewear,S,green,5794.74,4156.567002
1237,VietMode MP-05,Casual,Activewear,M,silver,69.37887581,41.75971276
1238,VietMode MP-06,Casual,Activewear,L,pink,51.96788917,31.07254611
1239,VietMode MP-07,Casual,Activewear,XL,yellow,5669.37,3362.503347
1240,VietMode MP-08,Casual,Activewear,S,red,5669.37,5385.9015
1241,VietMode MP-09,Casual,Activewear,M,black,4786.74,4467.943116
1242,VietMode MP-10,Casual,Activewear,L,orange,4786.74,3972.515526
1243,VietMode MP-11,Casual,Activewear,XL,blue,5794.74,3022.536384
1244,VietMode MP-12,Casual,Activewear,S,white,5794.74,4177.428066
1245,VietMode MP-13,Casual,Activewear,M,purple,6110.37,3479.855715
1246,VietMode MP-14,Casual,Activewear,L,green,6110.37,4080.505086
1247,VietMode MP-15,Casual,Activewear,XL,silver,5983.74,5684.553
1248,VietMode MP-16,Casual,Activewear,S,pink,5983.74,4605.684678
1249,VietMode MP-17,Casual,Activewear,M,yellow,4976.37,3661.613046
1250,VietMode MP-18,Casual,Activewear,L,red,4976.37,3635.735922
1251,VietMode MP-19,Casual,Activewear,XL,black,5164.74,3167.018568
1252,VietMode MP-20,Casual,Activewear,S,orange,5164.74,2973.857292
1253,VietMode MP-21,Casual,Activewear,M,blue,5353.74,4589.225928
1254,VietMode MP-22,Casual,Activewear,L,white,5353.74,5086.053
1255,VietMode MP-23,Casual,Activewear,XL,purple,29.73856011,16.43246387
1256,VietMode MP-24,Casual,Activewear,S,green,21.27195709,12.42547731
1257,VietMode MP-25,Casual,Activewear,M,silver,92.69772413,54.50807513
1258,VietMode MP-26,Casual,Activewear,L,pink,33.90923423,20.00245634
1259,VietMode MP-27,Casual,Activewear,XL,yellow,4603.34,2585.235744
1260,VietMode MP-28,Casual,Activewear,S,red,4603.34,2553.933032
1261,VietMode MP-29,Casual,Activewear,M,black,5983.876433,4653.660702
1262,VietMode MP-30,Casual,Activewear,L,orange,5983.876433,5684.682611
1263,VietMode MP-31,Casual,Activewear,XL,blue,5984.37,5685.1515
1264,VietMode MP-32,Casual,Activewear,S,white,5984.37,3719.884392
